Header	Tax ID	N Hits	Seq Len	Passed Filter	Kmer Chain
@COOPER:56:HCVLTBBXX:7:1128:15544:46328 1:N:0:CGTACTAG+ATAGAGAG	1735672	38	99	T	1735672:0|0:21|1735672:52|59732:67
@COOPER:56:HCVLTBBXX:7:1128:15544:46328 2:N:0:CGTACTAG+ATAGAGAG	1735672	36	97	T	59732:0|1735672:11|0:26|1735672:57
@COOPER:56:HCVLTBBXX:7:1216:6005:33070 1:N:0:CGTACTAG+ATAGAGAG	1735672	10	98	T	0:0|59732:24|1735672:26|0:32|1:63|0:65
@COOPER:56:HCVLTBBXX:7:1216:6005:33070 2:N:0:CGTACTAG+ATAGAGAG	1735672	6	96	T	0:0|1:29|0:31|1735672:62
@COOPER:56:HCVLTBBXX:7:1216:2240:9913 1:N:0:CGTACTAG+ATAGAGAG	1210044	8	98	F	0:0|543:11|1210044:17|0:19
@COOPER:56:HCVLTBBXX:7:1216:2240:9913 2:N:0:CGTACTAG+ATAGAGAG	0	0	95	T	0:0
@COOPER:56:HCVLTBBXX:7:1127:10013:2914 1:N:0:CGTACTAG+ATAGAGAG	0	0	99	T	0:0
@COOPER:56:HCVLTBBXX:7:1127:10013:2914 2:N:0:CGTACTAG+ATAGAGAG	0	0	97	T	0:0
@COOPER:56:HCVLTBBXX:7:2209:3691:23575 1:N:0:CGTACTAG+ATAGAGAG	9606	69	99	T	9606:0
@COOPER:56:HCVLTBBXX:7:2209:3691:23575 2:N:0:CGTACTAG+ATAGAGAG	9606	67	97	T	9606:0|1:6|9606:31
@COOPER:56:HCVLTBBXX:7:1212:6441:39488 1:N:0:CGTACTAG+ATAGAGAG	1735672	67	97	T	1735672:0
@COOPER:56:HCVLTBBXX:7:1212:6441:39488 2:N:0:CGTACTAG+ATAGAGAG	1735672	65	95	T	1735672:0
@COOPER:56:HCVLTBBXX:7:2107:6431:45836 1:N:0:CGTACTAG+ATAGAGAG	0	0	99	T	0:0
@COOPER:56:HCVLTBBXX:7:2107:6431:45836 2:N:0:CGTACTAG+ATAGAGAG	0	0	97	T	0:0
@COOPER:56:HCVLTBBXX:7:1126:3873:3213 1:N:0:CGTACTAG+ATAGAGAG	0	0	99	T	0:0
@COOPER:56:HCVLTBBXX:7:1126:3873:3213 2:N:0:CGTACTAG+ATAGAGAG	0	0	96	T	0:0
@COOPER:56:HCVLTBBXX:7:1111:9881:32754 1:N:0:CGTACTAG+ATAGAGAG	53335	32	99	T	53335:0|543:17|0:32
@COOPER:56:HCVLTBBXX:7:1111:9881:32754 2:N:0:CGTACTAG+ATAGAGAG	53335	38	97	T	0:0|543:9|53335:23|0:46
@COOPER:56:HCVLTBBXX:7:1110:10368:12638 1:N:0:CGTACTAG+ATAGAGAG	1735672	25	97	T	1735672:0|1:3|0:25
@COOPER:56:HCVLTBBXX:7:1110:10368:12638 2:N:0:CGTACTAG+ATAGAGAG	1735672	22	97	T	0:0|1500296:7|0:12|1735672:19|0:36
@COOPER:56:HCVLTBBXX:7:2210:10216:36183 1:N:0:CGTACTAG+ATAGAGAG	1735672	62	99	T	1735672:0|0:62
@COOPER:56:HCVLTBBXX:7:2210:10216:36183 2:N:0:CGTACTAG+ATAGAGAG	1735672	27	97	T	0:0|1735672:4|59732:18|1735672:22|0:28|1735672:59|0:62
@COOPER:56:HCVLTBBXX:7:1217:21024:4585 1:N:0:CGTACTAG+ATAGAGAG	1735672	68	98	T	1735672:0|59732:21|2:30|59732:32|2:34|59732:35|1735672:44
@COOPER:56:HCVLTBBXX:7:1217:21024:4585 2:N:0:CGTACTAG+ATAGAGAG	1735672	36	97	T	1735672:0|0:13|1735672:44
@COOPER:56:HCVLTBBXX:7:2121:20699:44605 1:N:0:CGTACTAG+ATAGCGAG	1735672	35	97	T	0:0|1735672:22|0:57
@COOPER:56:HCVLTBBXX:7:2121:20699:44605 2:N:0:CGTACTAG+ATAGCGAG	1735672	21	93	T	0:0|1735672:38|0:59
@COOPER:56:HCVLTBBXX:7:2213:11282:21043 1:N:0:CGTACTAG+ATAGAGAG	0	0	81	T	0:0
@COOPER:56:HCVLTBBXX:7:2213:11282:21043 2:N:0:CGTACTAG+ATAGAGAG	0	0	79	T	0:0
@COOPER:56:HCVLTBBXX:7:2121:20689:44517 1:N:0:CGTACTAG+ATAGAGAG	1735672	57	99	T	1735672:0|0:57
@COOPER:56:HCVLTBBXX:7:2121:20689:44517 2:N:0:CGTACTAG+ATAGAGAG	1735672	35	97	T	0:0|1735672:24|0:59
@COOPER:56:HCVLTBBXX:7:2112:24373:21711 1:N:0:CGTACTAG+ATAGAGAG	1735672	54	99	T	1735672:0|1:33|0:54
@COOPER:56:HCVLTBBXX:7:2112:24373:21711 2:N:0:CGTACTAG+ATAGAGAG	1735672	26	97	T	0:0|1:41|1735672:62
@COOPER:56:HCVLTBBXX:7:2103:4046:41141 1:N:0:CGTACTAG+ATAGAGAG	0	0	99	T	0:0
@COOPER:56:HCVLTBBXX:7:2103:4046:41141 2:N:0:CGTACTAG+ATAGAGAG	0	0	97	T	0:0
@COOPER:56:HCVLTBBXX:7:1111:15361:47137 1:N:0:CGTACTAG+ATAGAGAG	2	17	96	T	0:0|2:23|371042:37|0:40
@COOPER:56:HCVLTBBXX:7:1111:15361:47137 2:N:0:CGTACTAG+ATAGAGAG	0	0	96	T	0:0
@COOPER:56:HCVLTBBXX:7:2217:7943:8260 1:N:0:CGTACTAG+ATAGAGAG	0	0	97	T	0:0
@COOPER:56:HCVLTBBXX:7:2217:7943:8260 2:N:0:CGTACTAG+ATAGAGAG	0	0	97	T	0:0
@COOPER:56:HCVLTBBXX:7:2102:6776:2932 1:N:0:CGTACTAG+ATAGAGAG	286	51	98	T	286:0|0:25|286:42
@COOPER:56:HCVLTBBXX:7:2102:6776:2932 2:N:0:CGTACTAG+ATAGAGAG	286	49	96	T	286:0|0:40|286:57
@COOPER:56:HCVLTBBXX:7:1220:20730:4884 1:N:0:CGTACTAG+ATAGAGAG	0	0	98	T	0:0
@COOPER:56:HCVLTBBXX:7:1220:20730:4884 2:N:0:CGTACTAG+ATAGAGAG	1735672	50	97	T	1735672:0|59732:18|1735672:32|0:50
@COOPER:56:HCVLTBBXX:7:2217:12601:32894 1:N:0:CGTACTAG+ATAGAGAG	53335	46	98	T	0:0|543:22|53335:41
@COOPER:56:HCVLTBBXX:7:2217:12601:32894 2:N:0:CGTACTAG+ATAGAGAG	1408177	53	97	F	1408177:0|0:6|53335:17|1408177:37|0:64
@COOPER:56:HCVLTBBXX:7:1212:30594:45080 1:N:0:CGTACTAG+ATAGAGAG	1735672	69	99	T	1735672:0
@COOPER:56:HCVLTBBXX:7:1212:30594:45080 2:N:0:CGTACTAG+ATAGAGAG	1735672	29	96	T	1735672:0|0:29
@COOPER:56:HCVLTBBXX:7:1127:8826:34793 1:N:0:CGTACTAG+ATAGAGAG	1735672	42	99	T	0:0|1735672:27
@COOPER:56:HCVLTBBXX:7:1127:8826:34793 2:N:0:CGTACTAG+ATAGAGAG	1735672	48	97	T	1735672:0|0:48
@COOPER:56:HCVLTBBXX:7:2214:17645:34811 1:N:0:CGTACTAG+ATAGAGAG	53335	69	99	T	53335:0
@COOPER:56:HCVLTBBXX:7:2214:17645:34811 2:N:0:CGTACTAG+ATAGAGAG	53335	65	95	T	53335:0
@COOPER:56:HCVLTBBXX:7:2220:13991:20111 1:N:0:CGTACTAG+ATAGAGAG	1144336	46	98	F	0:0|286:14|1144336:56|0:60
@COOPER:56:HCVLTBBXX:7:2220:13991:20111 2:N:0:CGTACTAG+ATAGAGAG	286	24	96	T	0:0|286:23|0:40|286:59
@COOPER:56:HCVLTBBXX:7:2128:24748:18282 1:N:0:CGTACTAG+ATAGAGAG	200643	52	82	T	200643:0
@COOPER:56:HCVLTBBXX:7:2128:24748:18282 2:N:0:CGTACTAG+ATAGAGAG	200643	50	80	T	200643:0
@COOPER:56:HCVLTBBXX:7:1226:4533:16594 1:N:0:CGTACTAG+ATAGAGAG	1690246	7	98	T	0:0|1690246:13|0:20
@COOPER:56:HCVLTBBXX:7:1226:4533:16594 2:N:0:CGTACTAG+ATAGAGAG	1690246	3	97	T	1690246:0|0:3
@COOPER:56:HCVLTBBXX:7:2123:27590:2985 1:N:0:CGTACTAG+ATAGAGAG	1678	22	99	T	2:0|0:3|1:10|0:12|1678:42|0:59
@COOPER:56:HCVLTBBXX:7:2123:27590:2985 2:N:0:CGTACTAG+ATAGAGAG	0	0	97	T	0:0
@COOPER:56:HCVLTBBXX:7:2107:30239:47032 1:N:0:CGTACTAG+ATAGAGAG	0	0	98	T	0:0
@COOPER:56:HCVLTBBXX:7:2107:30239:47032 2:N:0:CGTACTAG+ATAGAGAG	0	0	96	T	0:0
@COOPER:56:HCVLTBBXX:7:1223:7567:31558 1:N:0:CGTACTAG+ATAGAGAG	53335	55	99	T	53335:0|0:55
@COOPER:56:HCVLTBBXX:7:1223:7567:31558 2:N:0:CGTACTAG+ATAGAGAG	53335	65	96	T	53335:0|543:42|53335:50
@COOPER:56:HCVLTBBXX:7:1126:31416:31206 1:N:0:CGTACTAG+ATAGAGAG	0	0	99	T	0:0
@COOPER:56:HCVLTBBXX:7:1126:31416:31206 2:N:0:CGTACTAG+ATAGAGAG	0	0	97	T	0:0
@COOPER:56:HCVLTBBXX:7:1120:25986:19900 1:N:0:CGTACTAG+ATAGAGAG	0	0	97	T	0:0
@COOPER:56:HCVLTBBXX:7:1120:25986:19900 2:N:0:CGTACTAG+ATAGAGAG	0	0	97	T	0:0
@COOPER:56:HCVLTBBXX:7:2203:13656:12462 1:N:0:CGTACTAG+ATAGAGAG	9606	60	90	T	9606:0|1:27|9606:55
@COOPER:56:HCVLTBBXX:7:2203:13656:12462 2:N:0:CGTACTAG+ATAGAGAG	0	0	71	T	0:0
@COOPER:56:HCVLTBBXX:7:2109:16092:40526 1:N:0:CGTACTAG+ATAGAGAG	0	0	96	T	0:0
@COOPER:56:HCVLTBBXX:7:2109:16092:40526 2:N:0:CGTACTAG+ATAGAGAG	0	0	69	T	0:0
@COOPER:56:HCVLTBBXX:7:2102:25428:46997 1:N:0:CGTACTAG+ATAGAGAG	53335	26	99	T	0:0|53335:43
@COOPER:56:HCVLTBBXX:7:2102:25428:46997 2:N:0:CGTACTAG+ATAGAGAG	53335	43	95	T	543:0|53335:13|0:43
@COOPER:56:HCVLTBBXX:7:1109:25408:1736 1:N:0:CGTACTAG+ATAGAGAG	1735672	2	89	T	0:0|1735672:46|0:48
@COOPER:56:HCVLTBBXX:7:1109:25408:1736 2:N:0:CGTACTAG+ATAGAGAG	1735672	2	87	T	0:0|1735672:11|0:13
@COOPER:56:HCVLTBBXX:7:1105:2219:9877 1:N:0:CGTACTAG+ATAGAGAG	0	0	98	T	0:0
@COOPER:56:HCVLTBBXX:7:1105:2219:9877 2:N:0:CGTACTAG+ATAGAGAG	0	0	96	T	0:0
@COOPER:56:HCVLTBBXX:7:1104:3447:29554 1:N:0:CGTACTAG+ATAGAGAG	1735672	69	99	T	1735672:0|59732:12|1735672:32
@COOPER:56:HCVLTBBXX:7:1104:3447:29554 2:N:0:CGTACTAG+ATAGAGAG	1735672	47	96	T	1735672:0|59732:42|0:47
@COOPER:56:HCVLTBBXX:7:2218:7385:34969 1:N:0:CGTACTAG+ATAGAGAG	1735672	69	99	T	1735672:0|59732:25|1735672:48
@COOPER:56:HCVLTBBXX:7:2218:7385:34969 2:N:0:CGTACTAG+ATAGAGAG	1735672	67	97	T	1735672:0|1:18|1735672:60
@COOPER:56:HCVLTBBXX:7:2102:16204:33475 1:N:0:CGTACTAG+ATAGAGAG	1735672	68	98	T	1735672:0|1:58
@COOPER:56:HCVLTBBXX:7:2102:16204:33475 2:N:0:CGTACTAG+ATAGAGAG	1735672	23	97	T	1735672:0|0:23
@COOPER:56:HCVLTBBXX:7:1202:20395:13447 1:N:0:CGTACTAG+ATAGAGAG	469	69	99	T	469:0
@COOPER:56:HCVLTBBXX:7:1202:20395:13447 2:N:0:CGTACTAG+ATAGAGAG	469	34	97	T	0:0|469:31|0:65
@COOPER:56:HCVLTBBXX:7:2216:5051:26353 1:N:0:CGTACTAG+ATAGAGAG	286	69	99	T	286:0
@COOPER:56:HCVLTBBXX:7:2216:5051:26353 2:N:0:CGTACTAG+ATAGAGAG	286	66	96	T	286:0
@COOPER:56:HCVLTBBXX:7:1223:20435:28323 1:N:0:CGTACTAG+ATAGAGAG	1735672	37	99	T	1735672:0|59732:8|1735672:10|0:37
@COOPER:56:HCVLTBBXX:7:1223:20435:28323 2:N:0:CGTACTAG+ATAGAGAG	1735672	45	97	T	0:0|1735672:22|59732:58
@COOPER:56:HCVLTBBXX:7:2201:28929:26863 1:N:0:CGTACTAG+ATAGAGAG	1198317	2	96	T	0:0|1198317:4|0:6
@COOPER:56:HCVLTBBXX:7:2201:28929:26863 2:N:0:CGTACTAG+ATAGAGAG	9606	66	96	T	9606:0|1:6|9606:38
@COOPER:56:HCVLTBBXX:7:2106:30442:7539 1:N:0:CGTACTAG+ATAGAGAG	1735672	68	98	T	1735672:0
@COOPER:56:HCVLTBBXX:7:2106:30442:7539 2:N:0:CGTACTAG+ATAGAGAG	1735672	56	97	T	0:0|1:11|1735672:31
@COOPER:56:HCVLTBBXX:7:2125:31903:44816 1:N:0:CGTACTAA+ATAGAGAG	1735672	30	98	T	0:0|1:15|1735672:31|0:45
@COOPER:56:HCVLTBBXX:7:2125:31903:44816 2:N:0:CGTACTAA+ATAGAGAG	1735672	17	97	T	0:0|1735672:30|0:47
@COOPER:56:HCVLTBBXX:7:1126:17858:16682 1:N:0:CGTACTAG+ATAGAGAG	915437	7	99	T	0:0|915437:62
@COOPER:56:HCVLTBBXX:7:1126:17858:16682 2:N:0:CGTACTAG+ATAGAGAG	0	0	97	T	0:0
@COOPER:56:HCVLTBBXX:7:1112:9526:34459 1:N:0:CGTACTAG+ATAGAGAG	9606	67	97	T	9606:0
@COOPER:56:HCVLTBBXX:7:1112:9526:34459 2:N:0:CGTACTAG+ATAGAGAG	9606	67	97	T	9606:0
@COOPER:56:HCVLTBBXX:7:2212:11079:15100 1:N:0:CGTACTAG+ATAGAGAG	634500	20	99	F	2:1|551:6|634500:15|0:21
@COOPER:56:HCVLTBBXX:7:2212:11079:15100 2:N:0:CGTACTAG+ATAGAGAG	0	4	97	T	0:0|1219072:29|0:31|1212489:38|0:40
@COOPER:56:HCVLTBBXX:7:2120:17563:16348 1:N:0:CGTACTAG+ATAGAGAG	1735672	2	97	T	0:0|1735672:25|0:27
@COOPER:56:HCVLTBBXX:7:2120:17563:16348 2:N:0:CGTACTAG+ATAGAGAG	1735672	45	97	T	0:0|1735672:22|59732:58
@COOPER:56:HCVLTBBXX:7:2116:16975:34565 1:N:0:CGTACTAG+ATAGAGAG	1735672	5	99	T	0:0|1735672:45|0:50
@COOPER:56:HCVLTBBXX:7:2116:16975:34565 2:N:0:CGTACTAG+ATAGAGAG	1735672	32	97	T	0:0|1735672:7|0:39
@COOPER:56:HCVLTBBXX:7:2113:8420:5956 1:N:0:CGTACTAG+ATAGAGAG	1735672	18	83	T	0:0|1735672:22|0:40
@COOPER:56:HCVLTBBXX:7:2113:8420:5956 2:N:0:CGTACTAG+ATAGAGAG	1735672	18	81	T	0:0|1735672:13|0:31
@COOPER:56:HCVLTBBXX:7:2103:14529:18898 1:N:0:CGTACTAG+ATAGAGAG	469	39	99	T	0:0|469:30|1:51
@COOPER:56:HCVLTBBXX:7:2103:14529:18898 2:N:0:CGTACTAG+ATAGAGAG	469	53	97	T	469:0|1:7|469:32|0:53
@COOPER:56:HCVLTBBXX:7:1201:2788:36042 1:N:0:CGTACTAG+ATAGAGAG	0	0	99	T	0:0
@COOPER:56:HCVLTBBXX:7:1201:2788:36042 2:N:0:CGTACTAG+ATAGAGAG	0	0	94	T	0:0
@COOPER:56:HCVLTBBXX:7:1108:2849:26687 1:N:0:CGTACTAG+ATAGAGAG	1735672	56	96	T	1735672:0|0:56
@COOPER:56:HCVLTBBXX:7:1108:2849:26687 2:N:0:CGTACTAG+ATAGAGAG	1735672	27	97	T	1735672:0|0:27
@COOPER:56:HCVLTBBXX:7:2223:20821:5816 1:N:0:CGTACTAG+ATAGAGAG	1735672	39	99	T	59732:0|1735672:9|0:39
@COOPER:56:HCVLTBBXX:7:2223:20821:5816 2:N:0:CGTACTAG+ATAGAGAG	1735672	35	94	T	0:0|1735672:29|59732:62
@COOPER:56:HCVLTBBXX:7:2128:26342:12884 1:N:0:CGTACTAG+ATAGAGAG	888826	69	99	T	888826:0|28080:50
@COOPER:56:HCVLTBBXX:7:2128:26342:12884 2:N:0:CGTACTAG+ATAGAGAG	888826	67	97	T	28080:0|888826:40|28080:65
@COOPER:56:HCVLTBBXX:7:2224:28392:6976 1:N:0:CGTACTAG+ATAGAGAG	0	0	98	T	0:0
@COOPER:56:HCVLTBBXX:7:2224:28392:6976 2:N:0:CGTACTAG+ATAGAGAG	0	0	97	T	0:0
@COOPER:56:HCVLTBBXX:7:2103:30584:2721 1:N:0:CGTACTAG+ATAGAGAG	1768758	65	95	F	1121870:0|49546:9|1768758:42
@COOPER:56:HCVLTBBXX:7:2103:30584:2721 2:N:0:CGTACTAG+ATAGAGAG	1768758	63	93	F	1768758:0|49546:23|1121870:56
@COOPER:56:HCVLTBBXX:7:1226:24434:39330 1:N:0:CGTACTAG+ATAGAGAG	1735672	25	99	T	1735672:0|0:21|1735672:52|0:56
@COOPER:56:HCVLTBBXX:7:1226:24434:39330 2:N:0:CGTACTAG+ATAGAGAG	1735672	34	95	T	1735672:0|0:6|1735672:37|59732:50|1735672:59
@COOPER:56:HCVLTBBXX:7:1223:24018:22678 1:N:0:CGTACTAG+ATAGAGAG	1735672	41	99	T	0:0|1735672:4|59732:31|1735672:39|0:45
@COOPER:56:HCVLTBBXX:7:1223:24018:22678 2:N:0:CGTACTAG+ATAGAGAG	1735672	36	97	T	1735672:0|0:32|1735672:63
@COOPER:56:HCVLTBBXX:7:1210:1397:38767 1:N:0:CGTACTAG+ATAGAGAG	9606	68	98	T	9606:0|1:44
@COOPER:56:HCVLTBBXX:7:1210:1397:38767 2:N:0:CGTACTAG+ATAGAGAG	9606	67	97	T	9606:0|1:7|9606:32
@COOPER:56:HCVLTBBXX:7:2210:22039:30995 1:N:0:CGTACTAG+ATAGAGAG	1735672	24	87	T	1735672:0|0:24
@COOPER:56:HCVLTBBXX:7:2210:22039:30995 2:N:0:CGTACTAG+ATAGAGAG	1735672	22	85	T	0:0|1735672:33
@COOPER:56:HCVLTBBXX:7:2227:12713:25808 1:N:0:CGTACTAG+ATAGAGAG	1735672	41	93	T	0:0|1735672:10|1:31|0:51
@COOPER:56:HCVLTBBXX:7:2227:12713:25808 2:N:0:CGTACTAG+ATAGAGAG	1735672	41	91	T	0:0|1:12|1735672:32|0:53
@COOPER:56:HCVLTBBXX:7:2204:10561:39101 1:N:0:CGTACTAG+ATAGAGAG	1735672	68	98	T	1735672:0
@COOPER:56:HCVLTBBXX:7:2204:10561:39101 2:N:0:CGTACTAG+ATAGAGAG	1735672	67	97	T	1735672:0
@COOPER:56:HCVLTBBXX:7:2123:21004:1947 1:N:0:CGTACTAG+ATAGAGAG	1735672	68	98	T	59732:0|1:15|1735672:41|59732:66
@COOPER:56:HCVLTBBXX:7:2123:21004:1947 2:N:0:CGTACTAG+ATAGAGAG	1735672	67	97	T	1735672:0|59732:15|1735672:18|1:43
@COOPER:56:HCVLTBBXX:7:2109:14001:2580 1:N:0:CGTACTAG+ATAGAGAG	9606	69	99	T	9606:0
@COOPER:56:HCVLTBBXX:7:2109:14001:2580 2:N:0:CGTACTAG+ATAGAGAG	9606	67	97	T	9606:0
@COOPER:56:HCVLTBBXX:7:1225:32593:14432 1:N:0:NGTACTAG+NTAGAGAG	1735672	50	99	T	1735672:0|1:45|0:50
@COOPER:56:HCVLTBBXX:7:1225:32593:14432 2:N:0:NGTACTAG+NTAGAGAG	1735672	65	96	T	1735672:1
@COOPER:56:HCVLTBBXX:7:2115:30858:37132 1:N:0:CGTACTAG+ATAGAGAG	470934	66	99	T	53335:0|470934:15|0:66
@COOPER:56:HCVLTBBXX:7:2115:30858:37132 2:N:0:CGTACTAG+ATAGAGAG	53335	65	95	T	53335:0
@COOPER:56:HCVLTBBXX:7:2110:26798:3336 1:N:0:CGTACTAG+ATAGAGAG	0	0	77	T	0:0
@COOPER:56:HCVLTBBXX:7:2110:26798:3336 2:N:0:CGTACTAG+ATAGAGAG	0	0	75	T	0:0
@COOPER:56:HCVLTBBXX:7:1213:17959:4971 1:N:0:CGTACTAG+ATAGAGAG	0	0	99	T	0:0
@COOPER:56:HCVLTBBXX:7:1213:17959:4971 2:N:0:CGTACTAG+ATAGAGAG	0	0	97	T	0:0
@COOPER:56:HCVLTBBXX:7:1211:6837:10106 1:N:0:CGTACTAG+ATAGAGAG	1735672	30	96	T	1735672:0|0:30
@COOPER:56:HCVLTBBXX:7:1211:6837:10106 2:N:0:CGTACTAG+ATAGAGAG	1735672	28	94	T	0:0|1735672:36
@COOPER:56:HCVLTBBXX:7:1110:21552:21993 1:N:0:CGTACTAG+ATAGAGAG	1350	69	99	T	1350:0|1:6|1350:31
@COOPER:56:HCVLTBBXX:7:1110:21552:21993 2:N:0:CGTACTAG+ATAGAGAG	1350	63	93	T	1350:0
@COOPER:56:HCVLTBBXX:7:1104:30563:49001 1:N:0:CGTACTAG+AGAGAGAG	9606	69	99	T	9606:0
@COOPER:56:HCVLTBBXX:7:1104:30563:49001 2:N:0:CGTACTAG+AGAGAGAG	9606	67	97	T	9606:0
@COOPER:56:HCVLTBBXX:7:2205:29477:5411 1:N:0:CGTCCTAG+ATAGAGAG	9606	69	99	T	9606:0
@COOPER:56:HCVLTBBXX:7:2205:29477:5411 2:N:0:CGTCCTAG+ATAGAGAG	9606	59	97	T	0:0|9606:8
@COOPER:56:HCVLTBBXX:7:2115:21988:5517 1:N:0:CGTACTAG+ATAGAGAG	0	0	99	T	0:0
@COOPER:56:HCVLTBBXX:7:2115:21988:5517 2:N:0:CGTACTAG+ATAGAGAG	0	0	97	T	0:0
@COOPER:56:HCVLTBBXX:7:2210:20314:23188 1:N:0:CGTACTAG+ATAGAGAG	1735672	23	98	T	0:0|1735672:45
@COOPER:56:HCVLTBBXX:7:2210:20314:23188 2:N:0:CGTACTAG+ATAGAGAG	1735672	27	97	T	1735672:0|1:22|0:27
@COOPER:56:HCVLTBBXX:7:2121:30025:46768 1:N:0:CGTACTAG+ATAGAGAG	136843	12	98	T	0:0|136843:51|286:54|136843:62|0:63
@COOPER:56:HCVLTBBXX:7:2121:30025:46768 2:N:0:CGTACTAG+ATAGAGAG	136843	12	86	T	0:0|286:15|136843:23|0:26
@COOPER:56:HCVLTBBXX:7:1227:5457:3354 1:N:0:CGTACTAG+ATAGAGAG	9606	69	99	T	9606:0
@COOPER:56:HCVLTBBXX:7:1227:5457:3354 2:N:0:CGTACTAG+ATAGAGAG	9606	67	97	T	9606:0|1:9|9606:34
@COOPER:56:HCVLTBBXX:7:1203:8471:45748 1:N:0:CGTACTAT+ATAGAGAG	1279	34	95	T	2:0|0:3|1:8|0:10|1279:36
@COOPER:56:HCVLTBBXX:7:1203:8471:45748 2:N:0:CGTACTAT+ATAGAGAG	0	0	96	T	0:0
@COOPER:56:HCVLTBBXX:7:2109:4452:36675 1:N:0:CGTACTAG+ATAGAGAG	551	2	89	T	0:0|551:26|0:28
@COOPER:56:HCVLTBBXX:7:2109:4452:36675 2:N:0:CGTACTAG+ATAGAGAG	551	2	87	T	0:0|551:31|0:33
@COOPER:56:HCVLTBBXX:7:2212:26758:11741 1:N:0:CGTACTAG+ATAGAGAG	0	0	99	T	0:0
@COOPER:56:HCVLTBBXX:7:2212:26758:11741 2:N:0:CGTACTAG+ATAGAGAG	469594	41	94	T	0:0|469594:6|0:47
@COOPER:56:HCVLTBBXX:7:2227:1448:34670 1:N:0:CGTACTAG+ATAGAGAG	2	7	99	T	2:0|0:3|1:8|0:12
@COOPER:56:HCVLTBBXX:7:2227:1448:34670 2:N:0:CGTACTAG+ATAGAGAG	0	0	96	T	0:0
@COOPER:56:HCVLTBBXX:7:2222:3092:47120 1:N:0:CGTACTAG+ATAGAGAG	286	55	99	T	0:0|286:13
@COOPER:56:HCVLTBBXX:7:2222:3092:47120 2:N:0:CGTACTAG+ATAGAGAG	286	34	97	T	286:0|0:15|286:39|0:58
@COOPER:56:HCVLTBBXX:7:2123:17310:31453 1:N:0:CGTACTAG+ATAGAGAG	1735672	48	99	T	1735672:0|59732:19|1735672:27|0:48
@COOPER:56:HCVLTBBXX:7:2123:17310:31453 2:N:0:CGTACTAG+ATAGAGAG	1735672	46	97	T	1735672:0|976:6|1735672:8|0:20|1500294:39|0:49|59732:51|49546:54|976:59|59732:62|1735672:65
@COOPER:56:HCVLTBBXX:7:1228:9891:31013 1:N:0:CGTACTAG+ATAGTGAG	9606	69	99	T	9606:0
@COOPER:56:HCVLTBBXX:7:1228:9891:31013 2:N:0:CGTACTAG+ATAGTGAG	1	3	79	T	0:2|1:14|0:16
@COOPER:56:HCVLTBBXX:7:1202:20537:46117 1:N:0:CGTACTAG+ATAGAGAG	1735672	57	99	T	0:0|1735672:12|59732:19|1735672:30
@COOPER:56:HCVLTBBXX:7:1202:20537:46117 2:N:0:CGTACTAG+ATAGAGAG	1735672	53	97	T	0:0|491205:13|0:15|1735672:16|59732:19|1735672:22
@COOPER:56:HCVLTBBXX:7:1217:18954:35426 1:N:0:CGTACTAG+ATAGAGAG	0	0	99	T	0:0
@COOPER:56:HCVLTBBXX:7:1217:18954:35426 2:N:0:CGTACTAG+ATAGAGAG	0	0	97	T	0:0
@COOPER:56:HCVLTBBXX:7:2213:3153:16348 1:N:0:CGTACTAG+ATAGAGAG	1735672	69	99	T	1735672:0
@COOPER:56:HCVLTBBXX:7:2213:3153:16348 2:N:0:CGTACTAG+ATAGAGAG	1735672	5	95	T	0:0|1735672:9|0:14
@COOPER:56:HCVLTBBXX:7:2204:12428:7767 1:N:0:CGTACTAG+ATAGAGAG	1735672	66	96	T	1735672:0|59732:7|1735672:12|59732:55
@COOPER:56:HCVLTBBXX:7:2204:12428:7767 2:N:0:CGTACTAG+ATAGAGAG	1735672	64	94	T	59732:0|1735672:11|59732:54|1735672:59
@COOPER:56:HCVLTBBXX:7:2106:11677:5939 1:N:0:CGTACTAG+ATAGAGAG	1735672	38	99	T	1735672:0|0:30|1735672:61
@COOPER:56:HCVLTBBXX:7:2106:11677:5939 2:N:0:CGTACTAG+ATAGAGAG	1735672	17	97	T	1735672:0|59732:3|1735672:10|0:17
@COOPER:56:HCVLTBBXX:7:2104:2706:2985 1:N:0:CGTACTAG+ATAGAGAG	286	33	97	T	286:1|0:17|286:48|0:65
@COOPER:56:HCVLTBBXX:7:2104:2706:2985 2:N:0:CGTACTAG+ATAGAGAG	1144884	59	96	T	1206734:0|0:5|286:12|1144884:38|286:60
@COOPER:56:HCVLTBBXX:7:1106:13423:36534 1:N:0:CGTACTAG+ATAGAGAG	1735672	36	99	T	1735672:0|0:4|1735672:35|0:67
@COOPER:56:HCVLTBBXX:7:1106:13423:36534 2:N:0:CGTACTAG+ATAGAGAG	1735672	34	97	T	0:0|1735672:33
@COOPER:56:HCVLTBBXX:7:2213:6147:34301 1:N:0:CGTTCTAG+ATAGAGAG	9606	69	99	T	9606:0
@COOPER:56:HCVLTBBXX:7:2213:6147:34301 2:N:0:CGTTCTAG+ATAGAGAG	9606	65	95	T	9606:0
@COOPER:56:HCVLTBBXX:7:2211:21673:39576 1:N:0:CGTACTAG+ATAGAGAG	1735672	31	92	T	1735672:0|0:5|1735672:36|59732:51
@COOPER:56:HCVLTBBXX:7:2211:21673:39576 2:N:0:CGTACTAG+ATAGAGAG	1735672	29	90	T	59732:0|1735672:11|0:26|1735672:57
@COOPER:56:HCVLTBBXX:7:1219:5010:36833 1:N:0:CGTACTAG+ATAGAGAG	1735672	69	99	T	59732:0|1735672:2
@COOPER:56:HCVLTBBXX:7:1219:5010:36833 2:N:0:CGTACTAG+ATAGAGAG	1735672	11	97	T	0:0|1735672:14|0:25
@COOPER:56:HCVLTBBXX:7:1208:12215:48755 1:N:0:CGTACTAG+ATAGAGAG	1	67	97	T	1:0
@COOPER:56:HCVLTBBXX:7:1208:12215:48755 2:N:0:CGTACTAG+ATAGAGAG	1	65	95	T	1:0
@COOPER:56:HCVLTBBXX:7:1108:13261:34706 1:N:0:CGTACTAG+ATAGAGAG	1735672	34	98	T	0:0|1735672:31|0:65
@COOPER:56:HCVLTBBXX:7:1108:13261:34706 2:N:0:CGTACTAG+ATAGAGAG	1735672	67	97	T	59732:0|1735672:13
@COOPER:56:HCVLTBBXX:7:1106:22374:20217 1:N:0:CGTACTAG+ATAGAGAG	136849	17	97	T	0:0|286:23|136849:25|0:40
@COOPER:56:HCVLTBBXX:7:1106:22374:20217 2:N:0:CGTACTAG+ATAGAGAG	0	0	96	T	0:0
@COOPER:56:HCVLTBBXX:7:2208:17147:4022 1:N:0:CGTACTAG+ATAGAGAG	9606	60	90	T	9606:0
@COOPER:56:HCVLTBBXX:7:2208:17147:4022 2:N:0:CGTACTAG+ATAGAGAG	9606	58	88	T	9606:0
@COOPER:56:HCVLTBBXX:7:2223:21694:31699 1:N:0:CGTACTAG+ATAGAGAG	0	0	83	T	0:0
@COOPER:56:HCVLTBBXX:7:2223:21694:31699 2:N:0:CGTACTAG+ATAGAGAG	0	0	81	T	0:0
@COOPER:56:HCVLTBBXX:7:2105:11393:31857 1:N:0:CGTACTAG+ATAGAGAG	0	0	99	T	0:0
@COOPER:56:HCVLTBBXX:7:2105:11393:31857 2:N:0:CGTACTAG+ATAGAGAG	0	0	96	T	0:0
@COOPER:56:HCVLTBBXX:7:1214:2169:23399 1:N:0:CGTACTAG+ATAGAGAG	1735672	47	99	T	0:0|1735672:15|0:62
@COOPER:56:HCVLTBBXX:7:1214:2169:23399 2:N:0:CGTACTAG+ATAGAGAG	1735672	67	97	T	49546:0|1735672:11|59732:29|49546:42
@COOPER:56:HCVLTBBXX:7:1104:9354:45238 1:N:0:CGTACTAG+ATAGAGAG	1735672	58	98	T	1735672:0|59732:21|1735672:25|0:58
@COOPER:56:HCVLTBBXX:7:1104:9354:45238 2:N:0:CGTACTAG+ATAGAGAG	1735672	17	97	T	0:0|1735672:2|0:19
@COOPER:56:HCVLTBBXX:7:1104:18081:22520 1:N:0:CGTACTAG+ATAGAGAG	0	0	99	T	0:0
@COOPER:56:HCVLTBBXX:7:1104:18081:22520 2:N:0:CGTACTAG+ATAGAGAG	0	0	97	T	0:0
@COOPER:56:HCVLTBBXX:7:1102:23358:2439 1:N:0:CGTACTAG+ATAGAGAG	0	0	99	T	0:0
@COOPER:56:HCVLTBBXX:7:1102:23358:2439 2:N:0:CGTACTAG+ATAGAGAG	0	0	97	T	0:0
@COOPER:56:HCVLTBBXX:7:2120:25367:19144 1:N:0:CGTACTAG+ATAGAGAG	0	0	98	T	0:0
@COOPER:56:HCVLTBBXX:7:2120:25367:19144 2:N:0:CGTACTAG+ATAGAGAG	0	0	96	T	0:0
@COOPER:56:HCVLTBBXX:7:2101:17005:21043 1:N:0:CGTACTAG+ATAGAGAG	1735672	68	98	T	1735672:0|59732:19|1735672:24
@COOPER:56:HCVLTBBXX:7:2101:17005:21043 2:N:0:CGTACTAG+ATAGAGAG	1735672	8	97	T	0:0|1735672:58
@COOPER:56:HCVLTBBXX:7:2111:12256:25685 1:N:0:CGTACTAG+ATAGAGAG	0	0	99	T	0:0
@COOPER:56:HCVLTBBXX:7:2111:12256:25685 2:N:0:CGTACTAG+ATAGAGAG	1735672	24	97	T	1735672:0|0:5|1735672:48
@COOPER:56:HCVLTBBXX:7:2127:11475:36007 1:N:0:CGTACTAG+ATAGAGAG	469	69	99	T	469:0
@COOPER:56:HCVLTBBXX:7:2127:11475:36007 2:N:0:CGTACTAG+ATAGAGAG	469	67	97	T	131567:0|469:41
@COOPER:56:HCVLTBBXX:7:1114:8562:46610 1:N:0:CGTACTAG+ATAGAGAG	0	0	99	T	0:0
@COOPER:56:HCVLTBBXX:7:1114:8562:46610 2:N:0:CGTACTAG+ATAGAGAG	182337	27	97	T	0:0|182337:20|0:48
@COOPER:56:HCVLTBBXX:7:2122:27874:7134 1:N:0:CGTACTAG+ATAGAGAG	2	68	98	T	2:0
@COOPER:56:HCVLTBBXX:7:2122:27874:7134 2:N:0:CGTACTAG+ATAGAGAG	2	67	97	T	2:0
@COOPER:56:HCVLTBBXX:7:1114:29427:31839 1:N:0:CGTACTAG+ATAGAGAG	1735672	25	99	T	1735672:1|0:22|1735672:65
@COOPER:56:HCVLTBBXX:7:1114:29427:31839 2:N:0:CGTACTAG+ATAGAGAG	1735672	54	97	T	1735672:0|0:54
@COOPER:56:HCVLTBBXX:7:1109:22759:28340 1:N:0:CGTACTAG+ATAAAGAG	53335	57	98	T	0:0|1110694:10|543:19|1236:46|543:51|1236:55|53335:66
@COOPER:56:HCVLTBBXX:7:1109:22759:28340 2:N:0:CGTACTAG+ATAAAGAG	53335	10	96	T	0:0|53335:53|543:59|53335:62|0:63
@COOPER:56:HCVLTBBXX:7:2209:23835:10510 1:N:0:CGTACTAG+ATAGAGAG	1735672	36	97	T	1735672:0|0:21|1735672:52
@COOPER:56:HCVLTBBXX:7:2209:23835:10510 2:N:0:CGTACTAG+ATAGAGAG	1735672	67	97	T	1735672:0|59732:13|1735672:19
@COOPER:56:HCVLTBBXX:7:1209:4503:11899 1:N:0:CGTACTAG+ATAGAGAG	1735672	66	97	T	0:0|1735672:1
@COOPER:56:HCVLTBBXX:7:1209:4503:11899 2:N:0:CGTACTAG+ATAGAGAG	1735672	16	97	T	0:0|1735672:20|0:31|1735672:62
@COOPER:56:HCVLTBBXX:7:1126:18558:4180 1:N:0:CGTACTAG+ATAGAGAG	0	0	99	T	0:0
@COOPER:56:HCVLTBBXX:7:1126:18558:4180 2:N:0:CGTACTAG+ATAGAGAG	0	0	95	T	0:0
@COOPER:56:HCVLTBBXX:7:1125:31101:15821 1:N:0:CGTACTAG+ATAGAGAG	0	0	99	T	0:0
@COOPER:56:HCVLTBBXX:7:1125:31101:15821 2:N:0:CGTACTAG+ATAGAGAG	0	0	96	T	0:0
@COOPER:56:HCVLTBBXX:7:2218:29843:24437 1:N:0:CGTACTAG+ATAGAGAG	1735672	55	98	T	1735672:1|59732:20|1735672:22|0:55
@COOPER:56:HCVLTBBXX:7:2218:29843:24437 2:N:0:CGTACTAG+ATAGAGAG	1735672	33	97	T	1:0|1735672:22|0:33
@COOPER:56:HCVLTBBXX:7:2216:6482:45924 1:N:0:CGTACTAG+ATAGAGAG	286	68	98	T	286:0|1395516:59
@COOPER:56:HCVLTBBXX:7:2216:6482:45924 2:N:0:CGTACTAG+ATAGAGAG	1283293	49	95	F	1395516:0|286:2|1283293:46|0:49
@COOPER:56:HCVLTBBXX:7:1121:2524:45467 1:N:0:CGTACTAG+ATAGAGAG	543	20	97	T	0:0|1484157:17|543:20|1736224:34|0:37
@COOPER:56:HCVLTBBXX:7:1121:2524:45467 2:N:0:CGTACTAG+ATAGAGAG	543	20	95	T	0:0|1736224:30|543:33|1484157:47|0:50
@COOPER:56:HCVLTBBXX:7:2225:30025:41176 1:N:0:CGTACTAG+ATAGAGAG	0	0	99	T	0:0
@COOPER:56:HCVLTBBXX:7:2225:30025:41176 2:N:0:CGTACTAG+ATAGAGAG	0	0	97	T	0:0
@COOPER:56:HCVLTBBXX:7:1224:6786:41493 1:N:0:CGTACTAG+ATAGAGAG	0	0	99	T	0:0
@COOPER:56:HCVLTBBXX:7:1224:6786:41493 2:N:0:CGTACTAG+ATAGAGAG	0	0	97	T	0:0
@COOPER:56:HCVLTBBXX:7:2124:10632:18194 1:N:0:CGTACTAG+ATAGAGAG	1735672	68	98	T	1735672:0
@COOPER:56:HCVLTBBXX:7:2124:10632:18194 2:N:0:CGTACTAG+ATAGAGAG	0	0	97	T	0:0
@COOPER:56:HCVLTBBXX:7:2121:21075:41528 1:N:0:CGTACTAG+ATAGAGAG	0	0	99	T	0:0
@COOPER:56:HCVLTBBXX:7:2121:21075:41528 2:N:0:CGTACTAG+ATAGAGAG	1735672	43	97	T	0:0|1735672:24
@COOPER:56:HCVLTBBXX:7:1222:13321:32455 1:N:0:CGTACTAG+ATAGAGAG	0	0	99	T	0:0
@COOPER:56:HCVLTBBXX:7:1222:13321:32455 2:N:0:CGTACTAG+ATAGAGAG	0	0	96	T	0:0
@COOPER:56:HCVLTBBXX:7:1218:8420:34758 1:N:0:CGTACTAG+CTAGAGAG	0	0	99	T	0:0
@COOPER:56:HCVLTBBXX:7:1218:8420:34758 2:N:0:CGTACTAG+CTAGAGAG	0	0	96	T	0:0
@COOPER:56:HCVLTBBXX:7:1215:1895:19267 1:N:0:CGTACTAG+ATAGAGAG	1735672	6	99	T	0:0|1735672:21|0:27
@COOPER:56:HCVLTBBXX:7:1215:1895:19267 2:N:0:CGTACTAG+ATAGAGAG	0	0	96	T	0:0
@COOPER:56:HCVLTBBXX:7:1125:14803:43497 1:N:0:CGTACTAG+ATAGAGAG	286	35	96	T	286:0|1224:9|0:18|286:49
@COOPER:56:HCVLTBBXX:7:1125:14803:43497 2:N:0:CGTACTAG+ATAGAGAG	286	33	96	T	0:0|286:2|317:4|286:7|1224:11|286:16|0:33|1224:64
@COOPER:56:HCVLTBBXX:7:1208:14164:47032 1:N:0:CGTACTAG+ATAGAGAG	1735672	41	71	T	1735672:0
@COOPER:56:HCVLTBBXX:7:1208:14164:47032 2:N:0:CGTACTAG+ATAGAGAG	1735672	39	69	T	1735672:0
@COOPER:56:HCVLTBBXX:7:1126:6827:20181 1:N:0:CGTACTAG+ATAGAGAG	915437	12	99	T	915437:0|0:9|915437:66
@COOPER:56:HCVLTBBXX:7:1126:6827:20181 2:N:0:CGTACTAG+ATAGAGAG	915437	17	97	T	0:0|915437:50
@COOPER:56:HCVLTBBXX:7:2208:14499:30345 1:N:0:CGTACTAG+ATAGAGAG	53335	12	99	T	0:1|53335:58
@COOPER:56:HCVLTBBXX:7:2208:14499:30345 2:N:0:CGTACTAG+ATAGAGAG	53335	22	97	T	53335:0|0:8|53335:15|0:29
@COOPER:56:HCVLTBBXX:7:1212:10886:49054 1:N:0:CGTACTAG+ATAGAGAG	575586	42	97	T	0:0|1646498:9|469:17|40214:19|469:26|40214:28|469:32|40214:47|575586:49|0:51
@COOPER:56:HCVLTBBXX:7:1212:10886:49054 2:N:0:CGTACTAG+ATAGAGAG	1217714	7	97	T	0:0|1217714:48|0:53|1144671:57|0:59
@COOPER:56:HCVLTBBXX:7:1105:19634:26898 1:N:0:CGTACTAG+ATAGAGAG	53335	68	98	T	53335:0|543:3|53335:26|1332072:58
@COOPER:56:HCVLTBBXX:7:1105:19634:26898 2:N:0:CGTACTAG+ATAGAGAG	53335	67	97	T	1332072:0|53335:13|543:45
@COOPER:56:HCVLTBBXX:7:1206:21257:21869 1:N:0:CGTACTAG+ATAGAGGG	286	39	98	T	286:0|0:39
@COOPER:56:HCVLTBBXX:7:1206:21257:21869 2:N:0:CGTACTAG+ATAGAGGG	0	0	97	T	0:0
@COOPER:56:HCVLTBBXX:7:2227:26159:45977 1:N:0:CGTACTAG+ATAGAGAG	0	0	88	T	0:0
@COOPER:56:HCVLTBBXX:7:2227:26159:45977 2:N:0:CGTACTAG+ATAGAGAG	0	0	86	T	0:0
@COOPER:56:HCVLTBBXX:7:2206:26260:14924 1:N:0:CGTACTAG+ATAGAGAG	885586	8	99	F	0:0|885586:8|0:16
@COOPER:56:HCVLTBBXX:7:2206:26260:14924 2:N:0:CGTACTAG+ATAGAGAG	1721091	6	96	F	0:0|59732:44|1721091:47|0:49|59732:58|0:59
@COOPER:56:HCVLTBBXX:7:2118:5132:41546 1:N:0:CGTACTAG+ATAGAGAG	53335	59	97	T	543:0|53335:2|0:32|53335:33|0:47|53335:54
@COOPER:56:HCVLTBBXX:7:2118:5132:41546 2:N:0:CGTACTAG+ATAGAGAG	53335	67	97	T	53335:0|543:20|53335:25|543:64
@COOPER:56:HCVLTBBXX:7:2122:19522:26564 1:N:0:CGTACTAG+ATAGAGAG	53335	62	98	T	0:0|53335:6|1224:15|2:18|543:22|53335:23
@COOPER:56:HCVLTBBXX:7:2122:19522:26564 2:N:0:CGTACTAG+ATAGAGAG	53335	67	97	T	53335:0
@COOPER:56:HCVLTBBXX:7:2109:14184:10985 1:N:0:CGTACTAG+ATAGAGAG	0	0	99	T	0:0
@COOPER:56:HCVLTBBXX:7:2109:14184:10985 2:N:0:CGTACTAG+ATAGAGAG	976	25	97	T	0:0|2:32|976:40|1408813:42|2:46|976:48|2:49|0:58
@COOPER:56:HCVLTBBXX:7:2118:12581:16999 1:N:0:CGTACTAG+ATAGAGAG	0	0	96	T	0:0
@COOPER:56:HCVLTBBXX:7:2118:12581:16999 2:N:0:CGTACTAG+ATAGAGAG	1735672	26	97	T	0:0|1735672:19|0:45
@COOPER:56:HCVLTBBXX:7:1202:6380:14625 1:N:0:CGTACTAG+ATAGAGAG	0	0	96	T	0:0
@COOPER:56:HCVLTBBXX:7:1202:6380:14625 2:N:0:CGTACTAG+ATAGAGAG	543	8	97	T	0:0|543:59
@COOPER:56:HCVLTBBXX:7:1125:13423:44412 1:N:0:CGTACTAG+ATAGAGAG	59732	69	99	T	2:0|49546:22|59732:32|49546:63
@COOPER:56:HCVLTBBXX:7:1125:13423:44412 2:N:0:CGTACTAG+ATAGAGAG	59732	35	96	T	49546:0|0:22|59732:53
@COOPER:56:HCVLTBBXX:7:1125:9871:3864 1:N:0:CGTACTAG+ATAGAGAG	1735672	68	98	T	1735672:0|59732:10|1735672:15
@COOPER:56:HCVLTBBXX:7:1125:9871:3864 2:N:0:CGTACTAG+ATAGAGAG	1735672	66	96	T	1735672:0
@COOPER:56:HCVLTBBXX:7:1119:17898:17421 1:N:0:CGTACTAG+ATAGAGAG	0	0	98	T	0:0
@COOPER:56:HCVLTBBXX:7:1119:17898:17421 2:N:0:CGTACTAG+ATAGAGAG	0	0	96	T	0:0
@COOPER:56:HCVLTBBXX:7:1118:8734:45467 1:N:0:CGTACTAG+ATAGAGAG	1674291	3	99	F	1674291:0|0:3
@COOPER:56:HCVLTBBXX:7:1118:8734:45467 2:N:0:CGTACTAG+ATAGAGAG	0	0	97	T	0:0
@COOPER:56:HCVLTBBXX:7:1128:8592:44799 1:N:0:CGTACTAG+ATAGAGAG	0	0	96	T	0:0
@COOPER:56:HCVLTBBXX:7:1128:8592:44799 2:N:0:CGTACTAG+ATAGAGAG	0	0	96	T	0:0
@COOPER:56:HCVLTBBXX:7:2201:12398:1666 1:N:0:CGTACTAG+ATAGAGAG	1121287	6	99	F	0:0|1121287:42|0:48
@COOPER:56:HCVLTBBXX:7:2201:12398:1666 2:N:0:CGTACTAG+ATAGAGAG	2	14	96	T	0:0|2:48|0:62
@COOPER:56:HCVLTBBXX:7:2126:11566:15276 1:N:0:CGTACTAG+ATAGAGAG	915437	27	99	T	0:0|915437:32|0:59
@COOPER:56:HCVLTBBXX:7:2126:11566:15276 2:N:0:CGTACTAG+ATAGAGAG	915437	25	97	T	0:0|915437:26|0:51
@COOPER:56:HCVLTBBXX:7:1206:30533:8893 1:N:0:CGTACTAG+ATAGAGAG	1735672	69	99	T	1735672:0
@COOPER:56:HCVLTBBXX:7:1206:30533:8893 2:N:0:CGTACTAG+ATAGAGAG	1735672	17	97	T	1735672:0|59732:3|0:17
@COOPER:56:HCVLTBBXX:7:2117:6989:38082 1:N:0:CGTACTAG+ATAGAGAG	1735672	11	99	T	0:0|1735672:48|0:59
@COOPER:56:HCVLTBBXX:7:2117:6989:38082 2:N:0:CGTACTAG+ATAGAGAG	1735672	11	96	T	0:0|1735672:42|0:53
@COOPER:56:HCVLTBBXX:7:1205:18203:15803 1:N:0:CGTACTAG+ATAGAGAG	286	67	98	T	0:0|286:1|1395516:30|286:43
@COOPER:56:HCVLTBBXX:7:1205:18203:15803 2:N:0:CGTACTAG+ATAGAGAG	1144884	67	97	T	286:0|1144884:43|286:50
@COOPER:56:HCVLTBBXX:7:1219:22161:40983 1:N:0:CGTACTAG+ATAGAGAG	9606	24	83	T	9606:0|0:5|9606:34
@COOPER:56:HCVLTBBXX:7:1219:22161:40983 2:N:0:CGTACTAG+ATAGAGAG	9606	22	81	T	9606:0|0:19|9606:48
@COOPER:56:HCVLTBBXX:7:1119:21318:26652 1:N:0:CGTACTAG+ATAGAGAG	9606	45	99	T	0:0|9606:24
@COOPER:56:HCVLTBBXX:7:1119:21318:26652 2:N:0:CGTACTAG+ATAGAGAG	9606	67	97	T	9606:0
@COOPER:56:HCVLTBBXX:7:1118:23723:17702 1:N:0:CGTACTAG+ATAGAGAG	53335	69	99	T	53335:0
@COOPER:56:HCVLTBBXX:7:1118:23723:17702 2:N:0:CGTACTAG+ATAGAGAG	53335	54	97	T	53335:0|1:45|0:54
@COOPER:56:HCVLTBBXX:7:1113:22820:27813 1:N:0:CGTACTAG+ATAGAGAG	0	0	99	T	0:0
@COOPER:56:HCVLTBBXX:7:1113:22820:27813 2:N:0:CGTACTAG+ATAGAGAG	1121287	6	97	F	0:0|1121287:53|0:59
@COOPER:56:HCVLTBBXX:7:2219:24951:22678 1:N:0:CGTACTAG+ATAGAGAG	0	0	98	T	0:0
@COOPER:56:HCVLTBBXX:7:2219:24951:22678 2:N:0:CGTACTAG+ATAGAGAG	0	0	96	T	0:0
@COOPER:56:HCVLTBBXX:7:2211:12926:14432 1:N:0:CGTACTAG+ATAGAGAG	0	0	99	T	0:0
@COOPER:56:HCVLTBBXX:7:2211:12926:14432 2:N:0:CGTACTAG+ATAGAGAG	0	0	96	T	0:0
@COOPER:56:HCVLTBBXX:7:2206:23155:45906 1:N:0:CGTACTAG+ATAGAGAG	1735672	3	99	T	1735672:0|0:3
@COOPER:56:HCVLTBBXX:7:2206:23155:45906 2:N:0:CGTACTAG+ATAGAGAG	0	0	85	T	0:0
@COOPER:56:HCVLTBBXX:7:2103:5051:10352 1:N:0:CGTACTAG+ATAGAGAG	84567	35	98	T	0:0|2:33|84567:49
@COOPER:56:HCVLTBBXX:7:2103:5051:10352 2:N:0:CGTACTAG+ATAGAGAG	84567	51	97	T	84567:0|976:5|84567:7|2:25|1239:33|28453:36|976:44|1471399:45|0:51
@COOPER:56:HCVLTBBXX:7:2113:29132:18388 1:N:0:CGTACTAG+ATAGAGAG	1735672	40	99	T	0:0|1735672:29
@COOPER:56:HCVLTBBXX:7:2113:29132:18388 2:N:0:CGTACTAG+ATAGAGAG	1735672	55	97	T	0:0|885586:8|59732:14|0:22|1721091:25|0:37|1735672:38
@COOPER:56:HCVLTBBXX:7:1215:31832:30450 1:N:0:CGTACTAG+ATAGAGAG	1735672	41	98	T	0:0|1735672:27|59732:49|1735672:54|59732:55
@COOPER:56:HCVLTBBXX:7:1215:31832:30450 2:N:0:CGTACTAG+ATAGAGAG	1735672	14	94	T	0:0|1735672:17|0:31
@COOPER:56:HCVLTBBXX:7:2224:22962:41774 1:N:0:CGTACTAG+ATAGAGAG	1735672	46	98	T	1735672:0|59732:18|49546:30|59732:35|0:41|1735672:63|59732:66
@COOPER:56:HCVLTBBXX:7:2224:22962:41774 2:N:0:CGTACTAG+ATAGAGAG	1735672	18	97	T	0:0|878220:34|0:38|1735672:48|0:62
@COOPER:56:HCVLTBBXX:7:2212:20943:5394 1:N:0:CGTACTAG+ATAGAGAG	697871	50	99	F	0:0|53335:8|0:24|53335:35|543:37|53335:52|697871:57
@COOPER:56:HCVLTBBXX:7:2212:20943:5394 2:N:0:CGTACTAG+ATAGAGAG	1408177	6	96	F	0:0|1408177:25|0:31
@COOPER:56:HCVLTBBXX:7:2109:18152:47155 1:N:0:CGTACTAG+ATAGAGAG	0	0	99	T	0:0
@COOPER:56:HCVLTBBXX:7:2109:18152:47155 2:N:0:CGTACTAG+ATAGAGAG	53335	17	96	T	0:0|543:25|53335:34|0:40|569:41|0:43
@COOPER:56:HCVLTBBXX:7:2219:17269:43656 1:N:0:CGTACTAG+ATAGAGAG	9606	60	99	T	0:0|9606:9
@COOPER:56:HCVLTBBXX:7:2219:17269:43656 2:N:0:CGTACTAG+ATAGAGAG	9606	67	97	T	9606:0
@COOPER:56:HCVLTBBXX:7:2101:21460:32209 1:N:0:CGTACTAG+ATAGAGAG	1735672	29	99	T	1735672:0|0:29
@COOPER:56:HCVLTBBXX:7:2101:21460:32209 2:N:0:CGTACTAG+ATAGAGAG	1735672	16	96	T	0:0|1735672:50
@COOPER:56:HCVLTBBXX:7:1215:18071:24929 1:N:0:CGTACTAG+ATAGAGAG	0	0	99	T	0:0
@COOPER:56:HCVLTBBXX:7:1215:18071:24929 2:N:0:CGTACTAG+ATAGAGAG	1463662	9	97	T	1463662:0|0:9
@COOPER:56:HCVLTBBXX:7:1209:31233:47172 1:N:0:CGTACTAG+ATAGAGAG	1735672	35	99	T	0:0|1735672:3|0:38
@COOPER:56:HCVLTBBXX:7:1209:31233:47172 2:N:0:CGTACTAG+ATAGAGAG	1735672	25	94	T	0:0|1735672:4|0:29
@COOPER:56:HCVLTBBXX:7:2126:2047:42390 1:N:0:CGTACTAG+ATAGAGAG	0	0	99	T	0:0
@COOPER:56:HCVLTBBXX:7:2126:2047:42390 2:N:0:CGTACTAG+ATAGAGAG	0	0	97	T	0:0
@COOPER:56:HCVLTBBXX:7:2122:13494:39647 1:N:0:CGTACTAG+ATAGAGAG	1735672	22	98	T	1735672:0|59732:5|0:12|1735672:58
@COOPER:56:HCVLTBBXX:7:2122:13494:39647 2:N:0:CGTACTAG+ATAGAGAG	1735672	67	97	T	1735672:0
@COOPER:56:HCVLTBBXX:7:2103:19238:37009 1:N:0:CGTACTAG+ATAGAGAG	1500896	23	99	F	0:0|1500896:5|53335:26|0:28
@COOPER:56:HCVLTBBXX:7:2103:19238:37009 2:N:0:CGTACTAG+ATAGAGAG	0	0	96	T	0:0
@COOPER:56:HCVLTBBXX:7:1211:32522:29993 1:N:0:CGTACTAG+CTAGAGAG	915437	41	99	T	915437:0|0:41
@COOPER:56:HCVLTBBXX:7:1211:32522:29993 2:N:0:CGTACTAG+CTAGAGAG	0	0	95	T	0:0
@COOPER:56:HCVLTBBXX:7:2222:28209:35110 1:N:0:CGTACTAG+ATAGAGAG	1144884	68	98	T	1395516:0|286:5|1500297:43|286:51|1144884:56
@COOPER:56:HCVLTBBXX:7:2222:28209:35110 2:N:0:CGTACTAG+ATAGAGAG	1500297	67	97	T	286:0|1500297:65
@COOPER:56:HCVLTBBXX:7:2214:6593:12462 1:N:0:CGTACTAG+ATAGAGAG	1735672	48	99	T	0:0|1735672:21
@COOPER:56:HCVLTBBXX:7:2214:6593:12462 2:N:0:CGTACTAG+ATAGAGAG	1735672	13	97	T	1735672:0|0:11|1735672:65
@COOPER:56:HCVLTBBXX:7:2207:13332:35215 1:N:0:CGTACTAG+ATAGAGAG	1735672	67	99	T	1735672:0|59732:14|1735672:30|0:67
@COOPER:56:HCVLTBBXX:7:2207:13332:35215 2:N:0:CGTACTAG+ATAGAGAG	0	0	96	T	0:0
@COOPER:56:HCVLTBBXX:7:2110:7436:2211 1:N:0:CGTACTAG+ATAGAGAG	1735672	14	99	T	0:0|1735672:45|0:59
@COOPER:56:HCVLTBBXX:7:2110:7436:2211 2:N:0:CGTACTAG+ATAGAGAG	1735672	30	97	T	1735672:0|0:28|1735672:59|0:61
@COOPER:56:HCVLTBBXX:7:2106:5375:22168 1:N:0:CGTACTAG+ATAGAGAG	1735672	68	98	T	1735672:0|59732:31|1735672:48
@COOPER:56:HCVLTBBXX:7:2106:5375:22168 2:N:0:CGTACTAG+ATAGAGAG	1735672	66	96	T	1735672:0
@COOPER:56:HCVLTBBXX:7:1207:7760:4251 1:N:0:CGTACTAG+ATAGAGAG	1735672	47	99	T	0:0|1735672:22
@COOPER:56:HCVLTBBXX:7:1207:7760:4251 2:N:0:CGTACTAG+ATAGAGAG	1735672	11	96	T	0:0|1735672:55
@COOPER:56:HCVLTBBXX:7:1120:6268:2650 1:N:0:CGTACTAG+ATAGAGAG	286	68	99	T	286:1
@COOPER:56:HCVLTBBXX:7:1120:6268:2650 2:N:0:CGTACTAG+ATAGAGAG	286	43	97	T	286:0|1:9|286:35|0:43
@COOPER:56:HCVLTBBXX:7:1114:22698:26969 1:N:0:CGTACTAG+ATAGAGAG	0	0	99	T	0:0
@COOPER:56:HCVLTBBXX:7:1114:22698:26969 2:N:0:CGTACTAG+ATAGAGAG	915437	59	97	T	915437:0|0:59
@COOPER:56:HCVLTBBXX:7:1103:28645:19302 1:N:0:CGTACTAG+ATAGAGAG	9606	60	90	T	9606:0
@COOPER:56:HCVLTBBXX:7:1103:28645:19302 2:N:0:CGTACTAG+ATAGAGAG	9606	58	88	T	9606:0
@COOPER:56:HCVLTBBXX:7:2111:18172:38257 1:N:0:CGTACTAG+ATAGAGAG	0	0	99	T	0:0
@COOPER:56:HCVLTBBXX:7:2111:18172:38257 2:N:0:CGTACTAG+ATAGAGAG	0	0	97	T	0:0
@COOPER:56:HCVLTBBXX:7:2109:1570:23663 1:N:0:CGTACTAG+ATAGAGAG	1735672	49	99	T	1:0|1735672:16|1:40|0:49
@COOPER:56:HCVLTBBXX:7:2109:1570:23663 2:N:0:CGTACTAG+ATAGAGAG	1735672	41	83	T	0:0|1735672:12
@COOPER:56:HCVLTBBXX:7:2212:24271:44605 1:N:0:CGTACTAG+CTAGAGAG	286	23	99	T	0:0|286:32|0:55
@COOPER:56:HCVLTBBXX:7:2212:24271:44605 2:N:0:CGTACTAG+CTAGAGAG	0	0	97	T	0:0
@COOPER:56:HCVLTBBXX:7:2203:10328:27408 1:N:0:CGTACTAG+ATAGAGAG	9606	65	99	T	0:0|9606:4
@COOPER:56:HCVLTBBXX:7:2203:10328:27408 2:N:0:CGTACTAG+ATAGAGAG	9606	67	97	T	9606:0
@COOPER:56:HCVLTBBXX:7:1220:19076:47911 1:N:0:CGTACTAG+ATAGAGAG	0	0	98	T	0:0
@COOPER:56:HCVLTBBXX:7:1220:19076:47911 2:N:0:CGTACTAG+ATAGAGAG	0	0	93	T	0:0
@COOPER:56:HCVLTBBXX:7:2122:8633:14308 1:N:0:CGTACTAG+ATAGAGAG	1176491	14	98	T	0:0|1176491:54
@COOPER:56:HCVLTBBXX:7:2122:8633:14308 2:N:0:CGTACTAG+ATAGAGAG	1176491	53	95	T	1176491:0|0:53
@COOPER:56:HCVLTBBXX:7:2210:30208:37132 1:N:0:CGTACTAG+ATAGAGAG	0	0	99	T	0:0
@COOPER:56:HCVLTBBXX:7:2210:30208:37132 2:N:0:CGTACTAG+ATAGAGAG	0	0	97	T	0:0
@COOPER:56:HCVLTBBXX:7:1224:12997:23733 1:N:0:CGTACTAG+ATAGAGAG	1735672	69	99	T	1735672:0
@COOPER:56:HCVLTBBXX:7:1224:12997:23733 2:N:0:CGTACTAG+ATAGAGAG	1735672	67	97	T	1735672:0
@COOPER:56:HCVLTBBXX:7:1213:21379:4215 1:N:0:CGTACTAG+ATAGAGAG	816	69	99	T	816:0
@COOPER:56:HCVLTBBXX:7:1213:21379:4215 2:N:0:CGTACTAG+ATAGAGAG	816	66	96	T	816:0
@COOPER:56:HCVLTBBXX:7:1102:4868:32261 1:N:0:CGTACTAG+ATAGAGAG	9606	60	90	T	9606:0
@COOPER:56:HCVLTBBXX:7:1102:4868:32261 2:N:0:CGTACTAG+ATAGAGAG	9606	58	88	T	9606:0
@COOPER:56:HCVLTBBXX:7:1102:10886:13394 1:N:0:CGTACTAG+ATAGAGAG	1735672	68	98	T	1735672:0
@COOPER:56:HCVLTBBXX:7:1102:10886:13394 2:N:0:CGTACTAG+ATAGAGAG	1735672	67	97	T	1735672:0
@COOPER:56:HCVLTBBXX:7:1101:29559:41036 1:N:0:CGTACTAG+ATAGAGAG	53335	67	97	T	53335:0|1261128:6|53335:10|543:25|53335:42
@COOPER:56:HCVLTBBXX:7:1101:29559:41036 2:N:0:CGTACTAG+ATAGAGAG	53335	36	97	T	53335:0|0:14|53335:45
@COOPER:56:HCVLTBBXX:7:2119:20801:20937 1:N:0:CGGACTAG+ATAGAGAG	9606	69	99	T	9606:0
@COOPER:56:HCVLTBBXX:7:2119:20801:20937 2:N:0:CGGACTAG+ATAGAGAG	9606	66	96	T	9606:0
@COOPER:56:HCVLTBBXX:7:2220:10663:31857 1:N:0:CGTACTAG+ATAGAGAG	1735672	40	99	T	0:0|59732:28|1735672:39
@COOPER:56:HCVLTBBXX:7:2220:10663:31857 2:N:0:CGTACTAG+ATAGAGAG	1735672	67	97	T	1735672:0
@COOPER:56:HCVLTBBXX:7:2212:20425:26582 1:N:0:CGTACTGG+ATAGAGAG	0	0	98	T	0:0
@COOPER:56:HCVLTBBXX:7:2212:20425:26582 2:N:0:CGTACTGG+ATAGAGAG	0	0	97	T	0:0
@COOPER:56:HCVLTBBXX:7:2111:17533:16577 1:N:0:CGTACTAG+ATAGAGAG	5476	8	99	T	0:0|5476:15|0:16|5476:17|0:18|5476:33|0:34|5476:35|0:36|5476:46|0:47|5476:54|0:55|5476:64|0:65
@COOPER:56:HCVLTBBXX:7:2111:17533:16577 2:N:0:CGTACTAG+ATAGAGAG	5476	7	97	T	0:0|5476:26|0:27|5476:30|0:31|5476:38|0:39|5476:54|0:56|5476:61|0:62
@COOPER:56:HCVLTBBXX:7:2107:28706:5376 1:N:0:CGTACTAG+ATAGAGAG	1735672	35	98	T	1735672:0|0:6|1735672:37|0:66
@COOPER:56:HCVLTBBXX:7:2107:28706:5376 2:N:0:CGTACTAG+ATAGAGAG	1735672	35	97	T	1735672:0|0:32|1735672:63
@COOPER:56:HCVLTBBXX:7:2113:30766:48298 1:N:0:CGTACTAG+ATAGAGAG	0	0	99	T	0:0
@COOPER:56:HCVLTBBXX:7:2113:30766:48298 2:N:0:CGTACTAG+ATAGAGAG	0	0	97	T	0:0
@COOPER:56:HCVLTBBXX:7:2204:6695:47911 1:N:0:CGTACTCG+ATAGAGAG	9606	5	95	T	2:0|0:3|1:8|0:10
@COOPER:56:HCVLTBBXX:7:2204:6695:47911 2:N:0:CGTACTCG+ATAGAGAG	0	0	96	T	0:0
@COOPER:56:HCVLTBBXX:7:1208:2879:9860 1:N:0:CGTACTAG+ATAGAGAG	0	0	99	T	0:0
@COOPER:56:HCVLTBBXX:7:1208:2879:9860 2:N:0:CGTACTAG+ATAGAGAG	0	0	97	T	0:0
@COOPER:56:HCVLTBBXX:7:2117:20517:13974 1:N:0:CGTACTAG+ATAGAGAG	634500	13	99	F	0:0|634500:56|182337:62
@COOPER:56:HCVLTBBXX:7:2117:20517:13974 2:N:0:CGTACTAG+ATAGAGAG	1332069	20	95	T	0:0|65700:24|543:27|1410619:32|0:36|1332069:39|53335:45|0:47
@COOPER:56:HCVLTBBXX:7:1124:16427:46170 1:N:0:CGTACTAG+ATAGAGAG	1735672	6	99	T	1735672:0|0:6
@COOPER:56:HCVLTBBXX:7:1124:16427:46170 2:N:0:CGTACTAG+ATAGAGAG	0	0	97	T	0:0
@COOPER:56:HCVLTBBXX:7:1110:11749:22028 1:N:0:CGTACTAG+ATAGAGAG	1735672	51	99	T	59732:0|1735672:15|49546:41|1735672:46|0:49|1121287:56|0:58
@COOPER:56:HCVLTBBXX:7:1110:11749:22028 2:N:0:CGTACTAG+ATAGAGAG	1735672	20	96	T	0:0|1735672:46|59732:55|1735672:60
@COOPER:56:HCVLTBBXX:7:1107:9881:34829 1:N:0:CGTACTAG+ATAGAGAG	1735672	69	99	T	1735672:0
@COOPER:56:HCVLTBBXX:7:1107:9881:34829 2:N:0:CGTACTAG+ATAGAGAG	1735672	38	97	T	1735672:0|0:38
@COOPER:56:HCVLTBBXX:7:2210:4239:44992 1:N:0:CGTACTAG+ATAGAGAG	286	69	99	T	286:0
@COOPER:56:HCVLTBBXX:7:2210:4239:44992 2:N:0:CGTACTAG+ATAGAGAG	1395516	45	97	T	0:0|1395516:22|286:37|1395516:42
@COOPER:56:HCVLTBBXX:7:2126:27610:22538 1:N:0:CGTACTAG+ATAGAGAG	0	0	98	T	0:0
@COOPER:56:HCVLTBBXX:7:2126:27610:22538 2:N:0:CGTACTAG+ATAGAGAG	915437	6	97	T	0:0|915437:7|0:13
@COOPER:56:HCVLTBBXX:7:1228:30868:22309 1:N:0:CGTACTAG+ATAGAGAG	0	0	99	T	0:0
@COOPER:56:HCVLTBBXX:7:1228:30868:22309 2:N:0:CGTACTAG+ATAGAGAG	0	0	97	T	0:0
@COOPER:56:HCVLTBBXX:7:1207:5406:20533 1:N:0:CGTACTAG+ATAGAGAG	1735672	69	99	T	1735672:0
@COOPER:56:HCVLTBBXX:7:1207:5406:20533 2:N:0:CGTACTAG+ATAGAGAG	1735672	66	97	T	1735672:0|59732:15|1735672:17|0:66
@COOPER:56:HCVLTBBXX:7:2202:11282:23962 1:N:0:CGTACTAG+ATAGAGAG	469	56	96	T	0:0|469:10
@COOPER:56:HCVLTBBXX:7:2202:11282:23962 2:N:0:CGTACTAG+ATAGAGAG	469	67	97	T	469:0|1:55
@COOPER:56:HCVLTBBXX:7:1124:6877:3635 1:N:0:CGTACTAG+ATAGAGAG	0	0	99	T	0:0
@COOPER:56:HCVLTBBXX:7:1124:6877:3635 2:N:0:CGTACTAG+ATAGAGAG	0	0	97	T	0:0
@COOPER:56:HCVLTBBXX:7:1117:24444:48843 1:N:0:CGTACTAG+ATAGAGAG	0	0	99	T	0:0
@COOPER:56:HCVLTBBXX:7:1117:24444:48843 2:N:0:CGTACTAG+ATAGAGAG	0	0	97	T	0:0
@COOPER:56:HCVLTBBXX:7:1112:5112:36657 1:N:0:CGTACTAG+ATAGAGAG	1735672	42	72	T	1735672:0
@COOPER:56:HCVLTBBXX:7:1112:5112:36657 2:N:0:CGTACTAG+ATAGAGAG	1735672	40	70	T	1735672:0
@COOPER:56:HCVLTBBXX:7:1107:10419:25914 1:N:0:CGTACTAG+ATAGAGAG	0	0	98	T	0:0
@COOPER:56:HCVLTBBXX:7:1107:10419:25914 2:N:0:CGTACTAG+ATAGAGAG	0	0	71	T	0:0
@COOPER:56:HCVLTBBXX:7:2105:6268:49001 1:N:0:CGTACTAG+ATAGAGAG	53335	42	81	T	0:0|53335:9
@COOPER:56:HCVLTBBXX:7:2105:6268:49001 2:N:0:CGTACTAG+ATAGAGAG	53335	42	79	T	53335:0|0:42
@COOPER:56:HCVLTBBXX:7:1121:21613:3987 1:N:0:CGTACTAG+ATAGAGAG	0	0	99	T	0:0
@COOPER:56:HCVLTBBXX:7:1121:21613:3987 2:N:0:CGTACTAG+ATAGAGAG	0	0	96	T	0:0
@COOPER:56:HCVLTBBXX:7:1114:28858:32191 1:N:0:CGTACTAG+ATAGAGAG	1163065	5	98	T	0:0|1163065:55|0:58|1661386:65
@COOPER:56:HCVLTBBXX:7:1114:28858:32191 2:N:0:CGTACTAG+ATAGAGAG	136843	45	97	T	286:0|0:6|136843:20|286:42|0:59
@COOPER:56:HCVLTBBXX:7:1106:16072:32332 1:N:0:CGTACTAG+ATAGAGAG	9606	69	99	T	9606:0
@COOPER:56:HCVLTBBXX:7:1106:16072:32332 2:N:0:CGTACTAG+ATAGAGAG	9606	64	97	T	9606:0|0:64
@COOPER:56:HCVLTBBXX:7:2205:12479:33070 1:N:0:CGTACTAG+ATAGAGAG	0	0	99	T	0:0
@COOPER:56:HCVLTBBXX:7:2205:12479:33070 2:N:0:CGTACTAG+ATAGAGAG	0	0	97	T	0:0
@COOPER:56:HCVLTBBXX:7:1116:13119:34635 1:N:0:CGTACTAG+ATAGAGAG	915437	28	99	T	915437:0|0:28
@COOPER:56:HCVLTBBXX:7:1116:13119:34635 2:N:0:CGTACTAG+ATAGAGAG	0	0	96	T	0:0
@COOPER:56:HCVLTBBXX:7:2123:10348:37044 1:N:0:CGTACTAG+ATAGAGAG	0	0	99	T	0:0
@COOPER:56:HCVLTBBXX:7:2123:10348:37044 2:N:0:CGTACTAG+ATAGAGAG	0	0	97	T	0:0
@COOPER:56:HCVLTBBXX:7:2227:3488:8594 1:N:0:CGTACTAG+ATAGAGAG	1735672	52	82	T	1735672:0
@COOPER:56:HCVLTBBXX:7:2227:3488:8594 2:N:0:CGTACTAG+ATAGAGAG	1735672	50	80	T	1735672:0
@COOPER:56:HCVLTBBXX:7:2111:20973:28762 1:N:0:CGTACTGG+ATAGAGAG	1073372	49	99	F	1318:0|0:13|1301:22|0:33|1318:44|1073372:61
@COOPER:56:HCVLTBBXX:7:2111:20973:28762 2:N:0:CGTACTGG+ATAGAGAG	1073372	61	94	F	0:0|1301:3|1318:30|1073372:48|1301:61|1073372:62
@COOPER:56:HCVLTBBXX:7:2105:3934:13974 1:N:0:CGTACTAG+ATAGAGAG	1735672	31	99	T	0:0|1735672:38
@COOPER:56:HCVLTBBXX:7:2105:3934:13974 2:N:0:CGTACTAG+ATAGAGAG	1735672	29	96	T	1735672:0|59732:16|49546:21|1:25|0:29
@COOPER:56:HCVLTBBXX:7:1221:26068:44799 1:N:0:CGTACTAG+ATAGAGAG	1735672	52	99	T	1735672:0|1:27|0:52
@COOPER:56:HCVLTBBXX:7:1221:26068:44799 2:N:0:CGTACTAG+ATAGAGAG	1735672	33	97	T	0:0|1735672:3|0:26|1735672:57
@COOPER:56:HCVLTBBXX:7:1206:9008:47067 1:N:0:CGTACTAG+ATAGAGAG	1735672	65	99	T	1735672:0|0:65
@COOPER:56:HCVLTBBXX:7:1206:9008:47067 2:N:0:CGTACTAG+ATAGAGAG	1735672	35	97	T	0:0|1735672:32
@COOPER:56:HCVLTBBXX:7:2225:18071:11671 1:N:0:CGTACTAG+ATAGAGAG	1500297	32	98	T	0:0|1500297:5|286:12|0:22|286:53
@COOPER:56:HCVLTBBXX:7:2225:18071:11671 2:N:0:CGTACTAG+ATAGAGAG	1690246	9	97	T	0:0|286:14|0:17|1690246:28|0:34
@COOPER:56:HCVLTBBXX:7:1210:15473:46487 1:N:0:CGTACTAG+ATAGAGAG	286	68	98	T	286:0
@COOPER:56:HCVLTBBXX:7:1210:15473:46487 2:N:0:CGTACTAG+ATAGAGAG	286	67	97	T	286:0
@COOPER:56:HCVLTBBXX:7:1206:14042:10598 1:N:0:CGTACTAG+ATAGAGAG	286	69	99	T	286:0|1236:31|1224:48
@COOPER:56:HCVLTBBXX:7:1206:14042:10598 2:N:0:CGTACTAG+ATAGAGAG	286	67	97	T	286:0|1236:9|286:11
@COOPER:56:HCVLTBBXX:7:2116:2372:4655 1:N:0:CGTACTAG+ATAGAGAG	1735672	69	99	T	1735672:0
@COOPER:56:HCVLTBBXX:7:2116:2372:4655 2:N:0:CGTACTAG+ATAGAGAG	1735672	66	96	T	1735672:0
@COOPER:56:HCVLTBBXX:7:2112:2138:4286 1:N:0:CGTACTAG+ATAGAGAG	307480	3	99	F	0:0|307480:19|0:22
@COOPER:56:HCVLTBBXX:7:2112:2138:4286 2:N:0:CGTACTAG+ATAGAGAG	1735672	5	96	T	0:0|1735672:37|0:42
@COOPER:56:HCVLTBBXX:7:2216:22688:45273 1:N:0:CGTACTAG+ATAGAGAG	9606	67	97	T	9606:0
@COOPER:56:HCVLTBBXX:7:2216:22688:45273 2:N:0:CGTACTAG+ATAGAGAG	0	0	96	T	0:0
@COOPER:56:HCVLTBBXX:7:2222:6157:18740 1:N:0:CGTACTAG+ATAGAGAG	0	0	84	T	0:0
@COOPER:56:HCVLTBBXX:7:2222:6157:18740 2:N:0:CGTACTAG+ATAGAGAG	0	0	82	T	0:0
@COOPER:56:HCVLTBBXX:7:2221:1306:40156 1:N:0:CGTACTAG+ATAGAGAG	286	68	98	T	286:0
@COOPER:56:HCVLTBBXX:7:2221:1306:40156 2:N:0:CGTACTAG+ATAGAGAG	286	3	96	T	0:0|286:52|0:55
@COOPER:56:HCVLTBBXX:7:2213:31091:1138 1:N:0:NGTACTAG+NTAGAGAG	1690246	65	99	T	0:0|1690246:4|286:41
@COOPER:56:HCVLTBBXX:7:2213:31091:1138 2:N:0:NGTACTAG+NTAGAGAG	1690246	64	95	T	1690246:1|286:31
@COOPER:56:HCVLTBBXX:7:2106:29386:44711 1:N:0:CGTACTAG+ATAGAGAG	53335	52	99	T	53335:0|0:52
@COOPER:56:HCVLTBBXX:7:2106:29386:44711 2:N:0:CGTACTAG+ATAGAGAG	53335	64	94	T	53335:0
@COOPER:56:HCVLTBBXX:7:1208:6096:14836 1:N:0:CGTACTAG+ATAGAGAG	371042	8	76	F	0:0|551:9|371042:12|0:17
@COOPER:56:HCVLTBBXX:7:1208:6096:14836 2:N:0:CGTACTAG+ATAGAGAG	371042	8	74	F	0:0|371042:29|551:34|0:37
@COOPER:56:HCVLTBBXX:7:1114:4137:36235 1:N:0:CGTACTAG+ATAGAGAG	371042	31	99	F	371042:0|0:9|551:47|543:60
@COOPER:56:HCVLTBBXX:7:1114:4137:36235 2:N:0:CGTACTAG+ATAGAGAG	131567	66	97	T	131567:0|551:45|371042:52
@COOPER:56:HCVLTBBXX:7:2109:12388:19443 1:N:0:CGTACTAG+ATAGAGAG	53335	46	99	T	0:0|53335:23
@COOPER:56:HCVLTBBXX:7:2109:12388:19443 2:N:0:CGTACTAG+ATAGAGAG	1690502	29	97	T	0:0|543:7|1690502:12|53335:16|0:18|53335:49|543:61
@COOPER:56:HCVLTBBXX:7:1228:16082:27109 1:N:0:CGTACTAG+ATAGAGAG	0	0	99	T	0:0
@COOPER:56:HCVLTBBXX:7:1228:16082:27109 2:N:0:CGTACTAG+ATAGAGAG	0	0	97	T	0:0
@COOPER:56:HCVLTBBXX:7:1219:19299:10141 1:N:0:CGTACTAG+ATAGAGAG	286	67	97	T	286:0
@COOPER:56:HCVLTBBXX:7:1219:19299:10141 2:N:0:CGTACTAG+ATAGAGAG	286	56	97	T	1395516:0|286:9|1395516:11|286:15|0:56
@COOPER:56:HCVLTBBXX:7:1207:6258:43638 1:N:0:CGTACTAG+ATAGAGAG	1144884	22	98	T	0:0|286:20|1144884:22|0:36|286:55|0:60
@COOPER:56:HCVLTBBXX:7:1207:6258:43638 2:N:0:CGTACTAG+ATAGAGAG	286	60	97	T	0:0|286:7
@COOPER:56:HCVLTBBXX:7:1119:4959:27004 1:N:0:CGTACTAG+ATAGAGAG	0	0	99	T	0:0
@COOPER:56:HCVLTBBXX:7:1119:4959:27004 2:N:0:CGTACTAG+ATAGAGAG	0	0	96	T	0:0
@COOPER:56:HCVLTBBXX:7:1114:27996:23276 1:N:0:CGTACTAG+ATAGAGAG	200643	68	98	T	200643:0|1:37|200643:63
@COOPER:56:HCVLTBBXX:7:1114:27996:23276 2:N:0:CGTACTAG+ATAGAGAG	200643	66	96	T	200643:0
@COOPER:56:HCVLTBBXX:7:1108:23987:3741 1:N:0:CGTACTAG+ATAGAGAG	1144884	28	97	T	286:0|1144884:4|0:9|286:29|0:31|1144339:50|286:53
@COOPER:56:HCVLTBBXX:7:1108:23987:3741 2:N:0:CGTACTAG+ATAGAGAG	286	67	97	T	286:0
@COOPER:56:HCVLTBBXX:7:1105:13869:36007 1:N:0:CGTACTAG+ATAGAGAG	0	0	99	T	0:0
@COOPER:56:HCVLTBBXX:7:1105:13869:36007 2:N:0:CGTACTAG+ATAGAGAG	0	0	97	T	0:0
@COOPER:56:HCVLTBBXX:7:1105:21846:15750 1:N:0:CGTACTAG+ATAGAGAG	59732	8	99	T	0:0|59732:53|0:61
@COOPER:56:HCVLTBBXX:7:1105:21846:15750 2:N:0:CGTACTAG+ATAGAGAG	1735672	43	97	T	1735672:0|59732:12|1735672:24|49546:27|59732:32|1735672:34|0:35|59732:56|0:64
@COOPER:56:HCVLTBBXX:7:1103:19613:24542 1:N:0:CGTACTAG+ATAGAGAG	0	0	97	T	0:0
@COOPER:56:HCVLTBBXX:7:1103:19613:24542 2:N:0:CGTACTAG+ATAGAGAG	0	0	97	T	0:0
@COOPER:56:HCVLTBBXX:7:2211:7425:16295 1:N:0:CGTACTAG+ATAGAGAG	53335	55	86	T	53335:0|543:7|53335:12|543:13|53335:15|543:25|53335:27
@COOPER:56:HCVLTBBXX:7:2211:7425:16295 2:N:0:CGTACTAG+ATAGAGAG	53335	53	84	T	53335:0|543:29|53335:31|543:41|53335:43|543:44|53335:49
@COOPER:56:HCVLTBBXX:7:2223:24809:25421 1:N:0:CGTACTAG+ATAGAGAG	286	67	97	T	286:0
@COOPER:56:HCVLTBBXX:7:2223:24809:25421 2:N:0:CGTACTAG+ATAGAGAG	286	66	96	T	286:0
@COOPER:56:HCVLTBBXX:7:2112:20953:34987 1:N:0:CGTACTAG+ATAGAGAG	1735672	69	99	T	1735672:0
@COOPER:56:HCVLTBBXX:7:2112:20953:34987 2:N:0:CGTACTAG+ATAGAGAG	1735672	66	96	T	1:0|1735672:18
@COOPER:56:HCVLTBBXX:7:2208:26920:41493 1:N:0:CGTACTAG+CTAGAGAG	0	0	99	T	0:0
@COOPER:56:HCVLTBBXX:7:2208:26920:41493 2:N:0:CGTACTAG+CTAGAGAG	0	0	96	T	0:0
@COOPER:56:HCVLTBBXX:7:2223:1580:17491 1:N:0:CGTACTAG+ATAGAGAG	1395516	5	99	T	1395516:0|0:5
@COOPER:56:HCVLTBBXX:7:2223:1580:17491 2:N:0:CGTACTAG+ATAGAGAG	294	18	97	T	294:0|0:4|286:35|0:49
@COOPER:56:HCVLTBBXX:7:2215:5558:3459 1:N:0:CGTACTAG+ATAGAGAG	0	0	99	T	0:0
@COOPER:56:HCVLTBBXX:7:2215:5558:3459 2:N:0:CGTACTAG+ATAGAGAG	0	0	97	T	0:0
@COOPER:56:HCVLTBBXX:7:2123:18254:3864 1:N:0:CGTACTAG+ATAGAGAG	53335	55	99	T	53335:0|0:55
@COOPER:56:HCVLTBBXX:7:2123:18254:3864 2:N:0:CGTACTAG+ATAGAGAG	53335	65	95	T	543:0|1332072:11|53335:30
@COOPER:56:HCVLTBBXX:7:2111:10683:45361 1:N:0:CGTACTAG+ATAGAGAG	1735672	10	99	T	0:0|1735672:34|0:44
@COOPER:56:HCVLTBBXX:7:2111:10683:45361 2:N:0:CGTACTAG+ATAGAGAG	1735672	24	97	T	1735672:0|0:24
@COOPER:56:HCVLTBBXX:7:1221:1265:46451 1:N:0:CGTACTAG+ATAGAGAG	0	0	98	T	0:0
@COOPER:56:HCVLTBBXX:7:1221:1265:46451 2:N:0:CGTACTAG+ATAGAGAG	0	0	96	T	0:0
@COOPER:56:HCVLTBBXX:7:1121:21278:47436 1:N:0:CGTACTAG+ATAGAGAG	0	0	98	T	0:0
@COOPER:56:HCVLTBBXX:7:1121:21278:47436 2:N:0:CGTACTAG+ATAGAGAG	0	0	95	T	0:0
@COOPER:56:HCVLTBBXX:7:2119:10135:42407 1:N:0:CGTACTAG+ATAGAGAG	517433	39	98	F	53335:0|0:12|517433:25|0:27|53335:43
@COOPER:56:HCVLTBBXX:7:2119:10135:42407 2:N:0:CGTACTAG+ATAGAGAG	53335	41	97	T	53335:0|0:10|1560358:35|0:40|53335:41
@COOPER:56:HCVLTBBXX:7:2222:19715:34741 1:N:0:CGTACTAG+ATAGAGAG	634500	4	91	F	0:0|634500:57
@COOPER:56:HCVLTBBXX:7:2222:19715:34741 2:N:0:CGTACTAG+ATAGAGAG	634500	4	89	F	634500:0|0:4
@COOPER:56:HCVLTBBXX:7:1218:26697:4321 1:N:0:CGTACTAG+ATAGAGAG	286	53	98	T	0:0|286:15
@COOPER:56:HCVLTBBXX:7:1218:26697:4321 2:N:0:CGTACTAG+ATAGAGAG	1736376	67	97	T	1736376:0|286:10
@COOPER:56:HCVLTBBXX:7:2201:31527:32068 1:N:0:CGTACTAG+ATAGAGAG	1735672	69	99	T	1735672:0
@COOPER:56:HCVLTBBXX:7:2201:31527:32068 2:N:0:CGTACTAG+ATAGAGAG	1735672	42	97	T	0:0|1735672:25
@COOPER:56:HCVLTBBXX:7:1210:10987:44201 1:N:0:CGTACTAG+ATAGAGAG	1449339	21	98	T	0:0|147709:29|1449339:31|0:45|1266845:63
@COOPER:56:HCVLTBBXX:7:1210:10987:44201 2:N:0:CGTACTAG+ATAGAGAG	1266845	23	97	T	0:0|1266845:13|0:36
@COOPER:56:HCVLTBBXX:7:1112:28818:33070 1:N:0:CGTACTAG+ATAGAGAG	0	0	99	T	0:0
@COOPER:56:HCVLTBBXX:7:1112:28818:33070 2:N:0:CGTACTAG+ATAGAGAG	286	33	97	T	0:0|286:31|0:33|286:36
@COOPER:56:HCVLTBBXX:7:2223:12286:38504 1:N:0:CGTACTAG+ATAGAGAG	543	12	96	T	0:0|543:51|0:63
@COOPER:56:HCVLTBBXX:7:2223:12286:38504 2:N:0:CGTACTAG+ATAGAGAG	543	12	97	T	0:0|543:18|0:30
@COOPER:56:HCVLTBBXX:7:1223:27549:40473 1:N:0:CGTACTAG+ATAGAGAG	1735672	44	99	T	0:0|1735672:25
@COOPER:56:HCVLTBBXX:7:1223:27549:40473 2:N:0:CGTACTAG+ATAGAGAG	1735672	31	97	T	0:0|1735672:8|0:39
@COOPER:56:HCVLTBBXX:7:2101:20933:48878 1:N:0:CGTACTAG+ATAGAGAG	9606	6	94	T	0:0|9606:27|0:31|9606:62
@COOPER:56:HCVLTBBXX:7:2101:20933:48878 2:N:0:CGTACTAG+ATAGAGAG	9606	62	92	T	9606:0
@COOPER:56:HCVLTBBXX:7:1216:19532:10335 1:N:0:CGTACTAG+ATAGAGAG	243924	14	99	T	0:0|243924:30|89065:40|0:44
@COOPER:56:HCVLTBBXX:7:1216:19532:10335 2:N:0:CGTACTAG+ATAGAGAG	0	0	96	T	0:0
@COOPER:56:HCVLTBBXX:7:2122:2098:37976 1:N:0:CGTACTAG+ATAGAGAG	0	0	99	T	0:0
@COOPER:56:HCVLTBBXX:7:2122:2098:37976 2:N:0:CGTACTAG+ATAGAGAG	0	0	97	T	0:0
@COOPER:56:HCVLTBBXX:7:2107:6228:19003 1:N:0:CGTACTAG+ATAGAGAG	470	53	83	T	470:0|469:28
@COOPER:56:HCVLTBBXX:7:2107:6228:19003 2:N:0:CGTACTAG+ATAGAGAG	470	51	81	T	469:0|470:25
@COOPER:56:HCVLTBBXX:7:1216:23186:6994 1:N:0:CGTACTAG+ATAGGGAG	9606	68	98	T	9606:0
@COOPER:56:HCVLTBBXX:7:1216:23186:6994 2:N:0:CGTACTAG+ATAGGGAG	9606	47	97	T	0:0|9606:20
@COOPER:56:HCVLTBBXX:7:1211:20720:34688 1:N:0:CGTACTAG+ATAGAGAG	53335	47	99	T	53335:0|543:3|53335:11|0:47
@COOPER:56:HCVLTBBXX:7:1211:20720:34688 2:N:0:CGTACTAG+ATAGAGAG	53335	65	95	T	53335:0|543:17|2:53
@COOPER:56:HCVLTBBXX:7:1116:10338:33686 1:N:0:CGTACTAG+ATAGAGAG	0	0	99	T	0:0
@COOPER:56:HCVLTBBXX:7:1116:10338:33686 2:N:0:CGTACTAG+ATAGAGAG	0	0	95	T	0:0
@COOPER:56:HCVLTBBXX:7:2122:16143:15469 1:N:0:CGTACTAG+ATAGAGAG	0	0	99	T	0:0
@COOPER:56:HCVLTBBXX:7:2122:16143:15469 2:N:0:CGTACTAG+ATAGAGAG	0	0	96	T	0:0
@COOPER:56:HCVLTBBXX:7:2118:6421:29888 1:N:0:CGTACTAG+ATAGAGAG	469	69	99	T	469:0
@COOPER:56:HCVLTBBXX:7:2118:6421:29888 2:N:0:CGTACTAG+ATAGAGAG	469	67	97	T	469:0
@COOPER:56:HCVLTBBXX:7:2206:5964:5675 1:N:0:CGTACTAG+ATAGAGAG	1735672	32	98	T	0:0|1735672:5|0:34|1735672:65
@COOPER:56:HCVLTBBXX:7:2206:5964:5675 2:N:0:CGTACTAG+ATAGAGAG	0	0	97	T	0:0
@COOPER:56:HCVLTBBXX:7:2205:4472:8189 1:N:0:CGTACTAG+ATAGAGAG	0	0	99	T	0:0
@COOPER:56:HCVLTBBXX:7:2205:4472:8189 2:N:0:CGTACTAG+ATAGAGAG	0	0	97	T	0:0
@COOPER:56:HCVLTBBXX:7:2124:6045:22520 1:N:0:CGTACTAG+ATAGAGAG	888826	69	99	T	888826:0|28080:23|888826:30|28080:61|888826:63
@COOPER:56:HCVLTBBXX:7:2124:6045:22520 2:N:0:CGTACTAG+ATAGAGAG	888826	67	97	T	28080:0|1:7|28080:32|888826:42
@COOPER:56:HCVLTBBXX:7:1119:21268:39822 1:N:0:CGTACTAG+ATAGAGAG	286	38	99	T	286:0|0:36|286:67
@COOPER:56:HCVLTBBXX:7:1119:21268:39822 2:N:0:CGTACTAG+ATAGAGAG	286	10	97	T	286:0|0:3|286:34|0:41
@COOPER:56:HCVLTBBXX:7:2221:21004:9473 1:N:0:CGTACTAG+AGAGAGAG	200643	69	99	T	200643:0
@COOPER:56:HCVLTBBXX:7:2221:21004:9473 2:N:0:CGTACTAG+AGAGAGAG	0	0	97	T	0:0
@COOPER:56:HCVLTBBXX:7:2204:16041:48139 1:N:0:CGTACTAG+ATAGAGAG	0	0	98	T	0:0
@COOPER:56:HCVLTBBXX:7:2204:16041:48139 2:N:0:CGTACTAG+ATAGAGAG	0	0	97	T	0:0
@COOPER:56:HCVLTBBXX:7:2128:12489:39559 1:N:0:CGTACTAG+ATAGAGAG	286	47	98	T	1236:0|286:6|1:38|0:47
@COOPER:56:HCVLTBBXX:7:2128:12489:39559 2:N:0:CGTACTAG+ATAGAGAG	1699620	34	94	F	0:0|286:30|1699620:46
@COOPER:56:HCVLTBBXX:7:2228:24068:34829 1:N:0:CGTACTAG+ATAGAGAG	53335	43	99	T	0:0|53335:26
@COOPER:56:HCVLTBBXX:7:2228:24068:34829 2:N:0:CGTACTAG+ATAGAGAG	1	36	97	T	53335:0|1:6|53335:31|0:36
@COOPER:56:HCVLTBBXX:7:2117:32329:2756 1:N:0:CGTACTAG+NTAGAGAG	697871	35	98	F	0:0|697871:2|53335:8|697871:10|53335:14|697871:22|0:28|53335:59
@COOPER:56:HCVLTBBXX:7:2117:32329:2756 2:N:0:CGTACTAG+NTAGAGAG	53335	26	97	T	0:1|53335:34|0:60
@COOPER:56:HCVLTBBXX:7:1226:23409:31083 1:N:0:CGTACTAG+ATAGAGAG	469	53	97	T	0:0|469:9|0:62
@COOPER:56:HCVLTBBXX:7:1226:23409:31083 2:N:0:CGTACTAG+ATAGAGAG	469	36	97	T	469:0|0:23|469:54
@COOPER:56:HCVLTBBXX:7:1125:26058:25087 1:N:0:CATACTAG+ATAGCGAG	0	0	76	T	0:0
@COOPER:56:HCVLTBBXX:7:1125:26058:25087 2:N:0:CATACTAG+ATAGCGAG	570	36	84	T	570:0|543:7|0:36
@COOPER:56:HCVLTBBXX:7:1113:8988:17456 1:N:0:CGTACTAG+ATAGAGAG	1144662	32	98	T	0:0|1144662:8|469:10|0:18|469:19|0:21|666:34|1236:40|469:51|0:54
@COOPER:56:HCVLTBBXX:7:1113:8988:17456 2:N:0:CGTACTAG+ATAGAGAG	469	42	97	T	469:0|0:9|469:18|0:29|469:30|0:41|469:55
@COOPER:56:HCVLTBBXX:7:1104:8795:12445 1:N:0:CGTACTAG+ATAGAGAG	1735672	69	99	T	1735672:0
@COOPER:56:HCVLTBBXX:7:1104:8795:12445 2:N:0:CGTACTAG+ATAGAGAG	1735672	66	96	T	1735672:0
@COOPER:56:HCVLTBBXX:7:1101:18193:38504 1:N:0:CGTACTAG+ATAGAGAG	0	0	99	T	0:0
@COOPER:56:HCVLTBBXX:7:1101:18193:38504 2:N:0:CGTACTAG+ATAGAGAG	399741	12	96	T	0:0|399741:12|1236:15|399741:17|0:20|575:33|0:35|551:51|0:53
@COOPER:56:HCVLTBBXX:7:1101:6888:37835 1:N:0:CGTACTAG+ATAGAGAG	0	0	99	T	0:0
@COOPER:56:HCVLTBBXX:7:1101:6888:37835 2:N:0:CGTACTAG+ATAGAGAG	0	0	96	T	0:0
@COOPER:56:HCVLTBBXX:7:1101:7344:18863 1:N:0:CGTACTAG+ATAGAGAG	1144884	67	98	T	286:0|1236:55|1144884:66
@COOPER:56:HCVLTBBXX:7:1101:7344:18863 2:N:0:CGTACTAG+ATAGAGAG	286	36	97	T	286:0|0:2|286:33
@COOPER:56:HCVLTBBXX:7:1207:12023:5657 1:N:0:CGTACTAG+ATAGAGAG	0	0	99	T	0:0
@COOPER:56:HCVLTBBXX:7:1207:12023:5657 2:N:0:CGTACTAG+ATAGAGAG	0	0	97	T	0:0
@COOPER:56:HCVLTBBXX:7:2107:23013:34653 1:N:0:CGTACTAG+ATAGAGAG	53335	69	99	T	53335:0|543:49|53335:51
@COOPER:56:HCVLTBBXX:7:2107:23013:34653 2:N:0:CGTACTAG+ATAGAGAG	53335	32	97	T	0:0|53335:30|0:62
@COOPER:56:HCVLTBBXX:7:1204:12763:7715 1:N:0:CGTACTAG+ATAGAGAG	470934	69	99	T	470934:0|53335:11
@COOPER:56:HCVLTBBXX:7:1204:12763:7715 2:N:0:CGTACTAG+ATAGAGAG	53335	67	97	T	53335:0
@COOPER:56:HCVLTBBXX:7:2206:18111:42407 1:N:0:CGTACTAG+ATAGAGAG	1735672	20	99	T	0:0|1735672:1|59732:7|0:21
@COOPER:56:HCVLTBBXX:7:2206:18111:42407 2:N:0:CGTACTAG+ATAGAGAG	1735672	24	95	T	0:0|1735672:13|1121287:27|0:30|1735672:58
@COOPER:56:HCVLTBBXX:7:1127:16843:26002 1:N:0:CGTACTAG+ATAGAGAG	371042	12	98	F	0:0|371042:4|0:9|551:13|0:15|1274722:40|0:45
@COOPER:56:HCVLTBBXX:7:1127:16843:26002 2:N:0:CGTACTAG+ATAGAGAG	0	0	97	T	0:0
@COOPER:56:HCVLTBBXX:7:1125:29548:33176 1:N:0:CGTACTAG+ATAGAGAG	136843	34	99	T	0:0|136843:35|286:47
@COOPER:56:HCVLTBBXX:7:1125:29548:33176 2:N:0:CGTACTAG+ATAGAGAG	286	65	95	T	286:0
@COOPER:56:HCVLTBBXX:7:2204:25185:47911 1:N:0:CGTACTAG+ATAGAGAG	59732	2	99	T	0:0|59732:61|0:63
@COOPER:56:HCVLTBBXX:7:2204:25185:47911 2:N:0:CGTACTAG+ATAGAGAG	1735672	67	97	T	1735672:0
@COOPER:56:HCVLTBBXX:7:2125:16528:39981 1:N:0:CGTACTAG+ATAGAGAG	0	0	99	T	0:0
@COOPER:56:HCVLTBBXX:7:2125:16528:39981 2:N:0:CGTACTAG+ATAGAGAG	0	0	96	T	0:0
@COOPER:56:HCVLTBBXX:7:2106:15585:2123 1:N:0:CGTACTAG+ATAGAGAG	665135	65	96	F	665135:0|286:3|1236:35|286:44
@COOPER:56:HCVLTBBXX:7:2106:15585:2123 2:N:0:CGTACTAG+ATAGAGAG	1163065	27	96	T	286:0|0:4|1144323:5|0:7|1163065:44|286:59
@COOPER:56:HCVLTBBXX:7:2102:11546:44535 1:N:0:CGTACTAG+ATAGAGAG	1735672	55	99	T	1735672:0|0:55
@COOPER:56:HCVLTBBXX:7:2102:11546:44535 2:N:0:CGTACTAG+ATAGAGAG	1735672	67	97	T	1735672:0
@COOPER:56:HCVLTBBXX:7:2208:3041:1771 1:N:0:CGTACTAG+ATAGAGAG	53335	69	99	T	53335:0|543:25|53335:27
@COOPER:56:HCVLTBBXX:7:2208:3041:1771 2:N:0:CGTACTAG+ATAGAGAG	53335	67	97	T	53335:0|543:7|53335:12|543:55|53335:57
@COOPER:56:HCVLTBBXX:7:2112:2930:20252 1:N:0:CGTACTAG+ATAGAGAG	9606	67	97	T	9606:0
@COOPER:56:HCVLTBBXX:7:2112:2930:20252 2:N:0:CGTACTAG+ATAGAGAG	9606	67	97	T	9606:0
@COOPER:56:HCVLTBBXX:7:1222:29153:18564 1:N:0:CGTACTAG+ATAGAGAG	1735672	26	99	T	1735672:0|0:6|1735672:46|59732:55|1735672:57|0:66
@COOPER:56:HCVLTBBXX:7:1222:29153:18564 2:N:0:CGTACTAG+ATAGAGAG	1735672	67	97	T	1735672:0
@COOPER:56:HCVLTBBXX:7:1213:12266:24964 1:N:0:CGTACTAG+ATAGAGAG	1500297	44	97	T	286:0|1500297:25|0:36|1736376:59
@COOPER:56:HCVLTBBXX:7:1213:12266:24964 2:N:0:CGTACTAG+ATAGAGAG	1500297	42	95	T	1736376:0|0:8|1500297:31|286:42
@COOPER:56:HCVLTBBXX:7:2110:24901:21641 1:N:0:CGTACTAG+ATAGAGAG	1608996	34	99	T	0:0|286:35|1224:53|286:58|1608996:63
@COOPER:56:HCVLTBBXX:7:2110:24901:21641 2:N:0:CGTACTAG+ATAGAGAG	286	3	97	T	286:0|0:3
@COOPER:56:HCVLTBBXX:7:2226:28300:28727 1:N:0:CGTACTAG+ATAGAGAG	1735672	42	88	T	0:0|1735672:16|59732:49|1735672:57
@COOPER:56:HCVLTBBXX:7:2226:28300:28727 2:N:0:CGTACTAG+ATAGAGAG	1735672	42	86	T	59732:1|1735672:9|0:42
@COOPER:56:HCVLTBBXX:7:2208:30888:45977 1:N:0:CGTACTAG+ATAGAGAG	0	0	99	T	0:0
@COOPER:56:HCVLTBBXX:7:2208:30888:45977 2:N:0:CGTACTAG+ATAGAGAG	0	0	96	T	0:0
@COOPER:56:HCVLTBBXX:7:2126:31314:45062 1:N:0:CGTACTAG+ATAGAGAG	0	0	98	T	0:0
@COOPER:56:HCVLTBBXX:7:2126:31314:45062 2:N:0:CGTACTAG+ATAGAGAG	0	0	97	T	0:0
@COOPER:56:HCVLTBBXX:7:2117:31223:16770 1:N:0:CGTACTAG+ATAGAGAG	0	0	99	T	0:0
@COOPER:56:HCVLTBBXX:7:2117:31223:16770 2:N:0:CGTACTAG+ATAGAGAG	0	0	96	T	0:0
@COOPER:56:HCVLTBBXX:7:1214:14529:13517 1:N:0:CGTACTAG+ATAGAGAG	0	0	99	T	0:0
@COOPER:56:HCVLTBBXX:7:1214:14529:13517 2:N:0:CGTACTAG+ATAGAGAG	0	0	96	T	0:0
@COOPER:56:HCVLTBBXX:7:1128:18710:44324 1:N:0:CGTACTAG+ATAGAGAG	1735672	68	98	T	1735672:0
@COOPER:56:HCVLTBBXX:7:1128:18710:44324 2:N:0:CGTACTAG+ATAGAGAG	1735672	66	96	T	1735672:0
@COOPER:56:HCVLTBBXX:7:2109:16143:3793 1:N:0:CGTACTAG+ATAGAGAG	1282	33	99	T	1279:0|1472720:16|0:19|1282:35|0:49
@COOPER:56:HCVLTBBXX:7:2109:16143:3793 2:N:0:CGTACTAG+ATAGAGAG	0	0	97	T	0:0
@COOPER:56:HCVLTBBXX:7:2221:5365:10370 1:N:0:CGTACTAG+ATAGAGAG	1735672	69	99	T	1735672:0|59732:16
@COOPER:56:HCVLTBBXX:7:2221:5365:10370 2:N:0:CGTACTAG+ATAGAGAG	1735672	66	96	T	1735672:0|49546:26|59732:53
@COOPER:56:HCVLTBBXX:7:1220:22130:8119 1:N:0:CGTACTAG+ATAGAGAG	0	0	99	T	0:0
@COOPER:56:HCVLTBBXX:7:1220:22130:8119 2:N:0:CGTACTAG+ATAGAGAG	0	0	97	T	0:0
@COOPER:56:HCVLTBBXX:7:2212:11576:32138 1:N:0:CGTACTAG+ATAGAGAG	1736376	47	98	T	0:0|286:5|1736376:20|286:44|0:45|286:56|0:63
@COOPER:56:HCVLTBBXX:7:2212:11576:32138 2:N:0:CGTACTAG+ATAGAGAG	1690246	8	97	T	0:0|1690246:23|0:31
@COOPER:56:HCVLTBBXX:7:1201:17492:41053 1:N:0:CGTACTAG+ATAGAGAG	1735672	46	99	T	59732:0|0:10|1121286:14|0:22|59732:41|1735672:43
@COOPER:56:HCVLTBBXX:7:1201:17492:41053 2:N:0:CGTACTAG+ATAGAGAG	1735672	24	97	T	0:0|49546:15|95618:17|0:20|1735672:48|59732:54|49546:60|1735672:62
@COOPER:56:HCVLTBBXX:7:1124:10145:12251 1:N:0:CGTACTAG+ATAGAGAG	587753	66	99	F	0:0|564421:2|0:6|587753:7|286:13
@COOPER:56:HCVLTBBXX:7:1124:10145:12251 2:N:0:CGTACTAG+ATAGAGAG	286	67	97	T	286:0
@COOPER:56:HCVLTBBXX:7:1118:25225:48227 1:N:0:CGTACTAG+ATAGAGAG	1735672	69	99	T	1735672:0|59732:11|1735672:19
@COOPER:56:HCVLTBBXX:7:1118:25225:48227 2:N:0:CGTACTAG+ATAGAGAG	1735672	42	97	T	1735672:0|59732:13|1121287:16|0:22|1735672:47
@COOPER:56:HCVLTBBXX:7:2210:32025:29659 1:N:0:CGTACTAG+ATAGAGAG	0	0	99	T	0:0
@COOPER:56:HCVLTBBXX:7:2210:32025:29659 2:N:0:CGTACTAG+ATAGAGAG	0	0	97	T	0:0
@COOPER:56:HCVLTBBXX:7:2219:18791:42284 1:N:0:CGTACTAG+ATAGAGAG	1735672	30	99	T	1735672:0|0:24|1735672:63
@COOPER:56:HCVLTBBXX:7:2219:18791:42284 2:N:0:CGTACTAG+ATAGAGAG	1735672	30	97	T	1735672:0|0:21|1735672:52|0:61
@COOPER:56:HCVLTBBXX:7:2117:21887:46381 1:N:0:CGTACTAG+ATAGAGAG	0	0	99	T	0:0
@COOPER:56:HCVLTBBXX:7:2117:21887:46381 2:N:0:CGTACTAG+ATAGAGAG	0	0	96	T	0:0
@COOPER:56:HCVLTBBXX:7:2209:12885:22239 1:N:0:CGTACTAG+ATAGAGAG	2	68	98	T	131567:0|2:17|131567:23|2:55
@COOPER:56:HCVLTBBXX:7:2209:12885:22239 2:N:0:CGTACTAG+ATAGAGAG	49546	43	96	T	0:0|49546:23|976:45|2:59
@COOPER:56:HCVLTBBXX:7:1208:17005:6624 1:N:0:CGTACTAG+CTAGAGAG	820	69	99	T	816:0|820:49|816:62
@COOPER:56:HCVLTBBXX:7:1208:17005:6624 2:N:0:CGTACTAG+CTAGAGAG	0	0	91	T	0:0
@COOPER:56:HCVLTBBXX:7:2124:22120:36833 1:N:0:CGTACTAG+ATAGAGAG	1735672	38	99	T	1735672:0|49546:4|1735672:6|0:12|1735672:43
@COOPER:56:HCVLTBBXX:7:2124:22120:36833 2:N:0:CGTACTAG+ATAGAGAG	1735672	60	97	T	1735672:0|0:60
@COOPER:56:HCVLTBBXX:7:2111:22506:30820 1:N:0:CGTACTAG+ATAGAGAG	0	0	99	T	0:0
@COOPER:56:HCVLTBBXX:7:2111:22506:30820 2:N:0:CGTACTAG+ATAGAGAG	0	0	96	T	0:0
@COOPER:56:HCVLTBBXX:7:1109:7182:15346 1:N:0:CGTACTAG+ATAGAGAG	1736221	37	98	F	286:0|1500297:6|0:12|1736221:43|286:46|1736221:48|1224:52|286:57
@COOPER:56:HCVLTBBXX:7:1109:7182:15346 2:N:0:CGTACTAG+ATAGAGAG	286	61	96	T	0:0|286:5
@COOPER:56:HCVLTBBXX:7:2215:27519:16612 1:N:0:CGTACTAG+ATAGAGAG	0	0	98	T	0:0
@COOPER:56:HCVLTBBXX:7:2215:27519:16612 2:N:0:CGTACTAG+ATAGAGAG	0	0	97	T	0:0
@COOPER:56:HCVLTBBXX:7:2206:6411:9965 1:N:0:CGTACTAG+ATAGAGAG	0	0	99	T	0:0
@COOPER:56:HCVLTBBXX:7:2206:6411:9965 2:N:0:CGTACTAG+ATAGAGAG	0	0	97	T	0:0
@COOPER:56:HCVLTBBXX:7:2108:10602:18142 1:N:0:CGTACTAG+ATAGAGAG	0	0	98	T	0:0
@COOPER:56:HCVLTBBXX:7:2108:10602:18142 2:N:0:CGTACTAG+ATAGAGAG	0	0	97	T	0:0
@COOPER:56:HCVLTBBXX:7:2207:5731:19970 1:N:0:CGTACTAG+ATAGAGAG	1735672	67	98	T	1735672:0|59732:43|1735672:52
@COOPER:56:HCVLTBBXX:7:2207:5731:19970 2:N:0:CGTACTAG+ATAGAGAG	1735672	66	97	T	1735672:0|59732:44|1735672:52
@COOPER:56:HCVLTBBXX:7:2118:9891:29958 1:N:0:CGTACTAG+ATAGAGAG	1735672	43	99	T	1735672:0|0:43
@COOPER:56:HCVLTBBXX:7:2118:9891:29958 2:N:0:CGTACTAG+ATAGAGAG	1735672	67	97	T	1735672:0|59732:51
@COOPER:56:HCVLTBBXX:7:1208:13159:13429 1:N:0:CGTACTAG+ATAGAGAG	0	0	98	T	0:0
@COOPER:56:HCVLTBBXX:7:1208:13159:13429 2:N:0:CGTACTAG+ATAGAGAG	0	0	97	T	0:0
@COOPER:56:HCVLTBBXX:7:1119:23216:26002 1:N:0:CGTACTAG+ATAGAGAG	286	68	98	T	286:0
@COOPER:56:HCVLTBBXX:7:1119:23216:26002 2:N:0:CGTACTAG+ATAGAGAG	1736376	40	97	T	1736376:0|286:2|0:40
@COOPER:56:HCVLTBBXX:7:2203:12246:37027 1:N:0:CGTACTAG+ATAGAGAG	1735672	69	99	T	1735672:0|59732:46|1735672:54
@COOPER:56:HCVLTBBXX:7:2203:12246:37027 2:N:0:CGTACTAG+ATAGAGAG	1735672	67	97	T	1121287:0|2:14|1121287:19|59732:23|1735672:25|49546:35|1735672:40|49546:47|1735672:49|49546:62|1735672:64
@COOPER:56:HCVLTBBXX:7:2103:20161:44025 1:N:0:CGTACTAG+ATAGAGAG	0	0	99	T	0:0
@COOPER:56:HCVLTBBXX:7:2103:20161:44025 2:N:0:CGTACTAG+ATAGAGAG	976	24	97	T	1752194:0|976:4|2:20|0:24
@COOPER:56:HCVLTBBXX:7:2123:3508:42987 1:N:0:CGTACTAG+ATAGAGAG	0	0	97	T	0:0
@COOPER:56:HCVLTBBXX:7:2123:3508:42987 2:N:0:CGTACTAG+ATAGAGAG	0	0	97	T	0:0
@COOPER:56:HCVLTBBXX:7:2115:7557:33475 1:N:0:CGTACTAG+ATAGAGAG	286	69	99	T	286:0
@COOPER:56:HCVLTBBXX:7:2115:7557:33475 2:N:0:CGTACTAG+ATAGAGAG	1500297	32	97	T	286:0|1500297:5|286:9|0:32
@COOPER:56:HCVLTBBXX:7:1207:9962:19636 1:N:0:CGTACTAG+ATAGAGAG	1735672	49	99	T	0:0|1735672:20|59732:56|1735672:67
@COOPER:56:HCVLTBBXX:7:1207:9962:19636 2:N:0:CGTACTAG+ATAGAGAG	1735672	56	97	T	0:0|1735672:1|59732:28|1735672:30|0:57
@COOPER:56:HCVLTBBXX:7:2220:4858:38398 1:N:0:CGTACTAG+ATAGAGAG	1735672	69	99	T	1735672:0|59732:53
@COOPER:56:HCVLTBBXX:7:2220:4858:38398 2:N:0:CGTACTAG+ATAGAGAG	1735672	60	96	T	1735672:0|59732:19|1735672:24|0:60
@COOPER:56:HCVLTBBXX:7:1128:16965:47067 1:N:0:CGTACTAG+ATAGAGAG	1735672	63	98	T	0:0|1735672:3|0:66
@COOPER:56:HCVLTBBXX:7:1128:16965:47067 2:N:0:CGTACTAG+ATAGAGAG	1735672	36	97	T	1735672:0|0:3|1735672:34
@COOPER:56:HCVLTBBXX:7:2218:9252:38099 1:N:0:CGTACTAG+ATAGAGAG	1217715	3	98	T	1217715:0|0:3
@COOPER:56:HCVLTBBXX:7:2218:9252:38099 2:N:0:CGTACTAG+ATAGAGAG	0	0	96	T	0:0
@COOPER:56:HCVLTBBXX:7:2126:24819:26318 1:N:0:CGTACTAG+ATAGAGAG	200643	69	99	T	200643:0
@COOPER:56:HCVLTBBXX:7:2126:24819:26318 2:N:0:CGTACTAG+ATAGAGAG	200643	67	97	T	200643:0
@COOPER:56:HCVLTBBXX:7:1215:3681:45854 1:N:0:CGTACTAG+ATAGAGAG	1735672	63	93	T	1735672:0
@COOPER:56:HCVLTBBXX:7:1215:3681:45854 2:N:0:CGTACTAG+ATAGAGAG	1735672	61	91	T	1735672:0
@COOPER:56:HCVLTBBXX:7:2120:26951:49212 1:N:0:CGTACTAG+ANAGAGAG	0	0	97	T	0:0
@COOPER:56:HCVLTBBXX:7:2120:26951:49212 2:N:0:CGTACTAG+ANAGAGAG	0	0	97	T	0:0
@COOPER:56:HCVLTBBXX:7:1225:8024:34706 1:N:0:CGTACTAG+ATAGAGAG	0	0	90	T	0:0
@COOPER:56:HCVLTBBXX:7:1225:8024:34706 2:N:0:CGTACTAG+ATAGAGAG	0	0	88	T	0:0
@COOPER:56:HCVLTBBXX:7:1207:32512:22485 1:N:0:CGTACTAG+ATAGAGAG	0	0	75	T	0:0
@COOPER:56:HCVLTBBXX:7:1207:32512:22485 2:N:0:CGTACTAG+ATAGAGAG	0	0	73	T	0:0
@COOPER:56:HCVLTBBXX:7:1203:24556:11864 1:N:0:CGTACTAG+ATAGAGAG	0	0	95	T	0:0
@COOPER:56:HCVLTBBXX:7:1203:24556:11864 2:N:0:CGTACTAG+ATAGAGAG	0	0	97	T	0:0
@COOPER:56:HCVLTBBXX:7:1127:7476:35057 1:N:0:CGTACTAG+ATAGAGAG	0	0	99	T	0:0
@COOPER:56:HCVLTBBXX:7:1127:7476:35057 2:N:0:CGTACTAG+ATAGAGAG	1735672	42	97	T	1735672:0|0:42
@COOPER:56:HCVLTBBXX:7:1118:26189:47331 1:N:0:CGTACTAG+ATAGAGAG	1735672	52	99	T	1735672:0|0:52
@COOPER:56:HCVLTBBXX:7:1118:26189:47331 2:N:0:CGTACTAG+ATAGAGAG	1735672	15	97	T	0:0|1735672:23|0:38
@COOPER:56:HCVLTBBXX:7:1114:15503:8312 1:N:0:CGTACTAG+ATAGAGAG	1735672	69	99	T	1735672:0|1:22|1735672:47
@COOPER:56:HCVLTBBXX:7:1114:15503:8312 2:N:0:CGTACTAG+ATAGAGAG	1735672	62	96	T	0:0|1735672:4|59732:21|1735672:33
@COOPER:56:HCVLTBBXX:7:1109:10845:5306 1:N:0:CGTACTAG+ATAGAGAG	0	0	99	T	0:0
@COOPER:56:HCVLTBBXX:7:1109:10845:5306 2:N:0:CGTACTAG+ATAGAGAG	0	0	97	T	0:0
@COOPER:56:HCVLTBBXX:7:1104:8542:48614 1:N:0:CGTACTAG+ATAGAGAG	0	0	99	T	0:0
@COOPER:56:HCVLTBBXX:7:1104:8542:48614 2:N:0:CGTACTAG+ATAGAGAG	0	0	97	T	0:0
@COOPER:56:HCVLTBBXX:7:1103:9739:28815 1:N:0:CGTACTAG+ATAGAGAG	286	5	98	T	0:0|286:23|0:28
@COOPER:56:HCVLTBBXX:7:1103:9739:28815 2:N:0:CGTACTAG+ATAGAGAG	243924	67	97	T	1236:0|286:3|243924:21|286:28|1236:40|286:45|243924:55
@COOPER:56:HCVLTBBXX:7:2227:28554:14959 1:N:0:CGTACTAG+ATAGAGAG	1735672	68	98	T	49546:0|1735672:6|59732:10|1735672:15
@COOPER:56:HCVLTBBXX:7:2227:28554:14959 2:N:0:CGTACTAG+ATAGAGAG	1735672	24	96	T	1735672:0|0:24
@COOPER:56:HCVLTBBXX:7:1215:3559:11425 1:N:0:CGTACTAG+ATAGAGAG	0	0	98	T	0:0
@COOPER:56:HCVLTBBXX:7:1215:3559:11425 2:N:0:CGTACTAG+ATAGAGAG	0	0	97	T	0:0|0:33
@COOPER:56:HCVLTBBXX:7:2214:31243:41387 1:N:0:CGTACTAG+ATAGAGAG	1086011	2	98	F	0:0|1086011:34|0:36
@COOPER:56:HCVLTBBXX:7:2214:31243:41387 2:N:0:CGTACTAG+ATAGAGAG	1	32	97	T	0:0|1:31|0:63
@COOPER:56:HCVLTBBXX:7:1213:31111:3459 1:N:0:CGTACTAG+ATAGAGAG	0	0	98	T	0:0
@COOPER:56:HCVLTBBXX:7:1213:31111:3459 2:N:0:CGTACTAG+ATAGAGAG	0	0	96	T	0:0
@COOPER:56:HCVLTBBXX:7:2222:13119:4497 1:N:0:CGTACTAG+ATAGAGAG	0	0	98	T	0:0
@COOPER:56:HCVLTBBXX:7:2222:13119:4497 2:N:0:CGTACTAG+ATAGAGAG	0	0	97	T	0:0
@COOPER:56:HCVLTBBXX:7:1204:6745:29677 1:N:0:CGTACTAG+ATAGAGAG	543	4	99	T	0:0|53335:29|0:31|1736225:35|0:37
@COOPER:56:HCVLTBBXX:7:1204:6745:29677 2:N:0:CGTACTAG+ATAGAGAG	379893	7	95	T	0:0|379893:12|0:14|543:18|0:24
@COOPER:56:HCVLTBBXX:7:1226:20862:30644 1:N:0:CGTACTAG+ATAGAGAG	286	68	98	T	286:0|1236:66
@COOPER:56:HCVLTBBXX:7:1226:20862:30644 2:N:0:CGTACTAG+ATAGAGAG	286	66	96	T	286:0|1236:53
@COOPER:56:HCVLTBBXX:7:1203:26545:33105 1:N:0:CGTACTAG+ATAGAGAG	59732	67	97	T	59732:0|49546:25|59732:31|49546:35|200644:37|976:39|2:41|976:52|49546:59
@COOPER:56:HCVLTBBXX:7:1203:26545:33105 2:N:0:CGTACTAG+ATAGAGAG	59732	67	97	T	49546:0|976:25|49546:36|59732:38|200644:56|59732:66
@COOPER:56:HCVLTBBXX:7:2223:10267:47735 1:N:0:CGTACTAG+ATAGAGAG	0	0	99	T	0:0
@COOPER:56:HCVLTBBXX:7:2223:10267:47735 2:N:0:CGTACTAG+ATAGAGAG	634500	2	96	F	0:0|634500:43|0:45
@COOPER:56:HCVLTBBXX:7:2222:31751:18775 1:N:0:CGTACTAG+ATAGAGAG	1735672	39	82	T	1735672:0|0:39
@COOPER:56:HCVLTBBXX:7:2222:31751:18775 2:N:0:CGTACTAG+ATAGAGAG	1735672	37	80	T	0:0|1735672:13
@COOPER:56:HCVLTBBXX:7:2123:24170:12884 1:N:0:CGTACTAG+ATAGAGAG	470934	43	99	T	0:0|53335:26|470934:42
@COOPER:56:HCVLTBBXX:7:2123:24170:12884 2:N:0:CGTACTAG+ATAGAGAG	470934	67	97	T	53335:0|543:10|53335:12|470934:36
@COOPER:56:HCVLTBBXX:7:1226:3417:46522 1:N:0:CGTACTAG+ATAGAGAG	371042	7	98	F	0:0|182337:22|0:24|371042:28|0:33
@COOPER:56:HCVLTBBXX:7:1226:3417:46522 2:N:0:CGTACTAG+ATAGAGAG	570	19	97	T	0:0|543:41|2:44|543:52|570:55|0:58|314276:59|0:61
@COOPER:56:HCVLTBBXX:7:1218:18122:43726 1:N:0:CGTACTAG+ATAGAGAG	0	0	99	T	0:0
@COOPER:56:HCVLTBBXX:7:1218:18122:43726 2:N:0:CGTACTAG+ATAGAGAG	642227	7	97	T	543:1|642227:6|0:8
@COOPER:56:HCVLTBBXX:7:1127:18873:4127 1:N:0:CGTACTAG+ATAGAGAG	0	0	97	T	0:0
@COOPER:56:HCVLTBBXX:7:1127:18873:4127 2:N:0:CGTACTAG+ATAGAGAG	0	0	96	T	0:0
@COOPER:56:HCVLTBBXX:7:1122:30898:30696 1:N:0:CGTACTAG+ATAGAGAG	1735672	34	91	T	1735672:0|0:34
@COOPER:56:HCVLTBBXX:7:1122:30898:30696 2:N:0:CGTACTAG+ATAGAGAG	1735672	32	89	T	0:0|1735672:27
@COOPER:56:HCVLTBBXX:7:1103:10795:12286 1:N:0:CGTACTAG+ATAGAGAG	1735672	69	99	T	1735672:0
@COOPER:56:HCVLTBBXX:7:1103:10795:12286 2:N:0:CGTACTAG+ATAGAGAG	1735672	32	96	T	1735672:0|0:25|1735672:59
@COOPER:56:HCVLTBBXX:7:2209:12124:41985 1:N:0:CGTACTAG+ATAGAGAG	0	0	98	T	0:0
@COOPER:56:HCVLTBBXX:7:2209:12124:41985 2:N:0:CGTACTAG+ATAGAGAG	0	0	97	T	0:0
@COOPER:56:HCVLTBBXX:7:1217:20720:8348 1:N:0:CGTACTAG+ATAGAGAG	0	0	95	T	0:0
@COOPER:56:HCVLTBBXX:7:1217:20720:8348 2:N:0:CGTACTAG+ATAGAGAG	0	0	96	T	0:0
@COOPER:56:HCVLTBBXX:7:1204:20415:47278 1:N:0:CGTACTAG+ATAGAGAG	0	0	99	T	0:0
@COOPER:56:HCVLTBBXX:7:1204:20415:47278 2:N:0:CGTACTAG+ATAGAGAG	0	0	97	T	0:0
@COOPER:56:HCVLTBBXX:7:1119:21440:9174 1:N:0:CGTACTAG+ATAGAGAG	1735672	55	99	T	0:0|1735672:14|49546:28|1735672:37|1:59
@COOPER:56:HCVLTBBXX:7:1119:21440:9174 2:N:0:CGTACTAG+ATAGAGAG	1735672	67	97	T	1735672:0|1:5|1735672:30|49546:52|1735672:61
@COOPER:56:HCVLTBBXX:7:2124:5112:33035 1:N:0:CGTACTAG+ATAGAGAG	53335	68	98	T	53335:0
@COOPER:56:HCVLTBBXX:7:2124:5112:33035 2:N:0:CGTACTAG+ATAGAGAG	53335	67	97	T	543:0|53335:8
@COOPER:56:HCVLTBBXX:7:2205:2818:38134 1:N:0:CGTACTAG+ATAGAGAG	0	0	99	T	0:0
@COOPER:56:HCVLTBBXX:7:2205:2818:38134 2:N:0:CGTACTAG+ATAGAGAG	1267600	4	96	T	0:0|1267600:9|0:13
@COOPER:56:HCVLTBBXX:7:1214:4290:28200 1:N:0:CGTACTAG+ATAGAGAG	53335	32	99	T	0:0|53335:6|0:27|53335:58
@COOPER:56:HCVLTBBXX:7:1214:4290:28200 2:N:0:CGTACTAG+ATAGAGAG	53335	67	97	T	53335:0|543:13|53335:15
@COOPER:56:HCVLTBBXX:7:1127:15615:8752 1:N:0:CGTACTAG+ATAGAGAG	1163065	18	98	T	0:0|286:2|1163065:6|0:20
@COOPER:56:HCVLTBBXX:7:1127:15615:8752 2:N:0:CGTACTAG+ATAGAGAG	286	18	97	T	0:0|286:7|911241:9|286:12|0:18|286:34|0:36|1207075:43|286:46|0:48
@COOPER:56:HCVLTBBXX:7:1126:8887:4760 1:N:0:CGTACTAG+ATAGAGAG	0	0	99	T	0:0
@COOPER:56:HCVLTBBXX:7:1126:8887:4760 2:N:0:CGTACTAG+ATAGAGAG	0	0	94	T	0:0
@COOPER:56:HCVLTBBXX:7:1125:8481:14432 1:N:0:CGTACTAG+ATAGAGAG	0	0	97	T	0:0
@COOPER:56:HCVLTBBXX:7:1125:8481:14432 2:N:0:CGTACTAG+ATAGAGAG	0	0	97	T	0:0
@COOPER:56:HCVLTBBXX:7:1124:12378:43480 1:N:0:CGTACTAG+ATAGAGAG	9606	68	98	T	9606:0
@COOPER:56:HCVLTBBXX:7:1124:12378:43480 2:N:0:CGTACTAG+ATAGAGAG	9606	67	97	T	9606:0
@COOPER:56:HCVLTBBXX:7:2227:8968:14080 1:N:0:CGTACTAG+ATAGAGAG	0	0	95	T	0:0
@COOPER:56:HCVLTBBXX:7:2227:8968:14080 2:N:0:CGTACTAG+ATAGAGAG	0	0	96	T	0:0
@COOPER:56:HCVLTBBXX:7:2215:13403:40860 1:N:0:CGTACTAG+ATAGAGAG	1735672	25	99	T	0:0|1735672:16|1:21|0:41
@COOPER:56:HCVLTBBXX:7:2215:13403:40860 2:N:0:CGTACTAG+ATAGAGAG	1735672	25	97	T	0:0|1:31|1735672:51|0:56
@COOPER:56:HCVLTBBXX:7:2202:2402:16805 1:N:0:CGTACTAG+ATAGAGAG	49546	69	99	T	49546:0
@COOPER:56:HCVLTBBXX:7:2202:2402:16805 2:N:0:CGTACTAG+ATAGAGAG	49546	66	96	T	49546:0
@COOPER:56:HCVLTBBXX:7:2222:17513:11935 1:N:0:CGTACTAG+ATAGAGAG	129137	52	99	T	0:0|1:17|129137:30
@COOPER:56:HCVLTBBXX:7:2222:17513:11935 2:N:0:CGTACTAG+ATAGAGAG	0	0	97	T	0:0
@COOPER:56:HCVLTBBXX:7:2221:17756:18652 1:N:0:CGTACTAG+ATAGAGAG	1735672	38	99	T	0:0|1735672:18|0:56
@COOPER:56:HCVLTBBXX:7:2221:17756:18652 2:N:0:CGTACTAG+ATAGAGAG	1735672	33	97	T	1735672:0|0:33
@COOPER:56:HCVLTBBXX:7:2218:7486:23997 1:N:0:CGTACTAG+ATAGAGAG	1735672	30	99	T	1735672:0|0:30
@COOPER:56:HCVLTBBXX:7:2218:7486:23997 2:N:0:CGTACTAG+ATAGAGAG	1735672	5	97	T	1735672:0|0:5
@COOPER:56:HCVLTBBXX:7:2112:2250:30960 1:N:0:CGTACTAG+ATAGAGAG	0	0	99	T	0:0
@COOPER:56:HCVLTBBXX:7:2112:2250:30960 2:N:0:CGTACTAG+ATAGAGAG	0	0	97	T	0:0
@COOPER:56:HCVLTBBXX:7:1220:12256:17561 1:N:0:CGTACTAG+ATAGAGAG	0	0	98	T	0:0
@COOPER:56:HCVLTBBXX:7:1220:12256:17561 2:N:0:CGTACTAG+ATAGAGAG	0	0	96	T	0:0
@COOPER:56:HCVLTBBXX:7:1214:12215:24208 1:N:0:CGTACTAG+ATAGAGAG	371042	9	99	F	0:0|371042:36|0:45
@COOPER:56:HCVLTBBXX:7:1214:12215:24208 2:N:0:CGTACTAG+ATAGAGAG	0	0	95	T	0:0
@COOPER:56:HCVLTBBXX:7:1211:7507:41335 1:N:0:CGTACTAG+ATAAAGAG	596318	69	99	T	596318:0|469:22|596318:32
@COOPER:56:HCVLTBBXX:7:1211:7507:41335 2:N:0:CGTACTAG+ATAAAGAG	0	0	95	T	0:0
@COOPER:56:HCVLTBBXX:7:1126:13859:45133 1:N:0:CGTACTAG+ATAGAGGG	1121098	68	98	T	816:0|1121098:11|816:42
@COOPER:56:HCVLTBBXX:7:1126:13859:45133 2:N:0:CGTACTAG+ATAGAGGG	0	0	95	T	0:0
@COOPER:56:HCVLTBBXX:7:1123:29417:8295 1:N:0:CGTACTAG+ATAGAGAG	0	0	99	T	0:0
@COOPER:56:HCVLTBBXX:7:1123:29417:8295 2:N:0:CGTACTAG+ATAGAGAG	0	0	97	T	0:0
@COOPER:56:HCVLTBBXX:7:2228:10531:44781 1:N:0:CGTACTAG+ATAGAGAG	1735672	49	99	T	0:0|1735672:20
@COOPER:56:HCVLTBBXX:7:2228:10531:44781 2:N:0:CGTACTAG+ATAGAGAG	1735672	64	97	T	0:0|1735672:3
@COOPER:56:HCVLTBBXX:7:2213:16031:22028 1:N:0:CGTACTAG+ATAGAGAG	1735672	32	99	T	1735672:0|0:32
@COOPER:56:HCVLTBBXX:7:2213:16031:22028 2:N:0:CGTACTAG+ATAGAGAG	1735672	25	96	T	1735672:0|0:25
@COOPER:56:HCVLTBBXX:7:2104:13230:23259 1:N:0:CGTACTAG+ATAGAGAG	1674291	4	99	F	0:0|1674291:2|0:6
@COOPER:56:HCVLTBBXX:7:2104:13230:23259 2:N:0:CGTACTAG+ATAGAGAG	0	0	97	T	0:0
@COOPER:56:HCVLTBBXX:7:2212:14763:27883 1:N:0:CGTACTAG+ATAGAGAG	0	0	99	T	0:0
@COOPER:56:HCVLTBBXX:7:2212:14763:27883 2:N:0:CGTACTAG+ATAGAGAG	0	0	97	T	0:0
@COOPER:56:HCVLTBBXX:7:2103:16437:13834 1:N:0:CGTACTAG+ATAGAGAG	0	0	96	T	0:0
@COOPER:56:HCVLTBBXX:7:2103:16437:13834 2:N:0:CGTACTAG+ATAGAGAG	0	0	97	T	0:0
@COOPER:56:HCVLTBBXX:7:1212:22495:39875 1:N:0:CGTACTAG+ATAGAGAG	53335	68	99	T	53335:0
@COOPER:56:HCVLTBBXX:7:1212:22495:39875 2:N:0:CGTACTAG+ATAGAGAG	53335	66	96	T	53335:0|1224:6|53335:12
@COOPER:56:HCVLTBBXX:7:2219:23460:36798 1:N:0:CGTACTAG+ATAGAGAG	1735672	55	99	T	1735672:0|0:55
@COOPER:56:HCVLTBBXX:7:2219:23460:36798 2:N:0:CGTACTAG+ATAGAGAG	1735672	35	96	T	1735672:0|0:10|1735672:41
@COOPER:56:HCVLTBBXX:7:2204:27387:35374 1:N:0:CGTACTAG+ATAGAGAG	9606	68	98	T	9606:0
@COOPER:56:HCVLTBBXX:7:2204:27387:35374 2:N:0:CGTACTAG+ATAGAGAG	9606	67	97	T	9606:0
@COOPER:56:HCVLTBBXX:7:2202:7293:26793 1:N:0:CGTACTAG+ATAGAGAG	1735672	66	97	T	1735672:0|59732:40|1735672:45|0:66
@COOPER:56:HCVLTBBXX:7:2202:7293:26793 2:N:0:CGTACTAG+ATAGAGAG	1735672	45	97	T	1735672:0|59732:43|0:45
@COOPER:56:HCVLTBBXX:7:1207:19086:18986 1:N:0:CGTACTAG+ATAGAGAG	0	0	99	T	0:0
@COOPER:56:HCVLTBBXX:7:1207:19086:18986 2:N:0:CGTACTAG+ATAGAGAG	0	0	96	T	0:0
@COOPER:56:HCVLTBBXX:7:2104:23886:16999 1:N:0:CGTACTAG+ATAGAGAG	1735672	66	99	T	0:0|1735672:3
@COOPER:56:HCVLTBBXX:7:2104:23886:16999 2:N:0:CGTACTAG+ATAGAGAG	1735672	25	96	T	0:0|1735672:23|0:46|59732:59|0:61
@COOPER:56:HCVLTBBXX:7:2214:22140:39963 1:N:0:CGTACTAG+ATAGAGAG	53335	69	99	T	53335:0|543:6|53335:13|543:30|53335:38
@COOPER:56:HCVLTBBXX:7:2214:22140:39963 2:N:0:CGTACTAG+ATAGAGAG	53335	32	93	T	53335:0|0:24|543:55
@COOPER:56:HCVLTBBXX:7:2101:2118:39418 1:N:0:CGTACTAG+ATAGAGAG	0	0	99	T	0:0
@COOPER:56:HCVLTBBXX:7:2101:2118:39418 2:N:0:CGTACTAG+ATAGAGAG	0	0	96	T	0:0
@COOPER:56:HCVLTBBXX:7:1205:12236:20340 1:N:0:CGTACTAG+ATAGAGAG	1735672	26	99	T	0:0|1735672:28|0:54
@COOPER:56:HCVLTBBXX:7:1205:12236:20340 2:N:0:CGTACTAG+ATAGAGAG	0	0	97	T	0:0
@COOPER:56:HCVLTBBXX:7:2220:19512:5095 1:N:0:CGTACTAG+ATAGAGAG	0	0	99	T	0:0
@COOPER:56:HCVLTBBXX:7:2220:19512:5095 2:N:0:CGTACTAG+ATAGAGAG	0	0	97	T	0:0
@COOPER:56:HCVLTBBXX:7:2114:24200:3477 1:N:0:CGTACTAG+ATAGAGAG	0	0	98	T	0:0
@COOPER:56:HCVLTBBXX:7:2114:24200:3477 2:N:0:CGTACTAG+ATAGAGAG	0	0	97	T	0:0
@COOPER:56:HCVLTBBXX:7:1119:28422:40895 1:N:0:CGTACTAG+ATAGAGAG	0	0	98	T	0:0
@COOPER:56:HCVLTBBXX:7:1119:28422:40895 2:N:0:CGTACTAG+ATAGAGAG	0	0	97	T	0:0
@COOPER:56:HCVLTBBXX:7:1103:12469:15785 1:N:0:CGTACTAG+ATAGAGAG	0	0	97	T	0:0
@COOPER:56:HCVLTBBXX:7:1103:12469:15785 2:N:0:CGTACTAG+ATAGAGAG	0	0	97	T	0:0
@COOPER:56:HCVLTBBXX:7:1224:25499:25492 1:N:0:CGTACTAG+ATAGGGAG	1279	37	98	T	1279:0|1:3|1279:28|0:31|1279:62
@COOPER:56:HCVLTBBXX:7:1224:25499:25492 2:N:0:CGTACTAG+ATAGGGAG	1279	67	97	T	1279:0
@COOPER:56:HCVLTBBXX:7:2223:30634:42196 1:N:0:CGTACTAG+ATAGAGAG	0	0	99	T	0:0
@COOPER:56:HCVLTBBXX:7:2223:30634:42196 2:N:0:CGTACTAG+ATAGAGAG	0	0	97	T	0:0
@COOPER:56:HCVLTBBXX:7:2205:5913:2633 1:N:0:CGTACTAG+ATAGAGAG	0	0	99	T	0:0
@COOPER:56:HCVLTBBXX:7:2205:5913:2633 2:N:0:CGTACTAG+ATAGAGAG	182337	18	97	T	0:0|182337:42|0:47|551:54
@COOPER:56:HCVLTBBXX:7:2125:20161:40473 1:N:0:CGTACTAG+ATAGAGAG	0	0	99	T	0:0
@COOPER:56:HCVLTBBXX:7:2125:20161:40473 2:N:0:CGTACTAG+ATAGAGAG	0	0	97	T	0:0
@COOPER:56:HCVLTBBXX:7:2215:15432:2105 1:N:0:CGTACTAG+ATAGAGAG	0	0	97	T	0:0
@COOPER:56:HCVLTBBXX:7:2215:15432:2105 2:N:0:CGTACTAG+ATAGAGAG	0	0	97	T	0:0
@COOPER:56:HCVLTBBXX:7:2115:28848:25246 1:N:0:CGTACTAG+ATAGAGAG	1735672	69	99	T	1735672:0|59732:26|1735672:28|59732:29|1735672:49|49546:59|1735672:66
@COOPER:56:HCVLTBBXX:7:2115:28848:25246 2:N:0:CGTACTAG+ATAGAGAG	1735672	52	97	T	0:0|1735672:15|59732:63
@COOPER:56:HCVLTBBXX:7:2125:13261:35339 1:N:0:CGTACTAG+ATAGAGAG	0	0	97	T	0:0
@COOPER:56:HCVLTBBXX:7:2125:13261:35339 2:N:0:CGTACTAG+ATAGAGAG	0	0	95	T	0:0
@COOPER:56:HCVLTBBXX:7:2111:31213:13025 1:N:0:CGTACTAG+ATAGAGAG	53335	69	99	T	543:0|53335:3
@COOPER:56:HCVLTBBXX:7:2111:31213:13025 2:N:0:CGTACTAG+ATAGAGAG	53335	67	97	T	53335:0|549:35|53335:63|549:65|53335:66
@COOPER:56:HCVLTBBXX:7:1221:18203:38697 1:N:0:CGTACTAG+ATAGAGAG	1735672	25	93	T	0:0|59732:11|1735672:13|1:28|0:37
@COOPER:56:HCVLTBBXX:7:1221:18203:38697 2:N:0:CGTACTAG+ATAGAGAG	1735672	46	97	T	1735672:0|0:46
@COOPER:56:HCVLTBBXX:7:1220:5132:25122 1:N:0:CGTACTAG+ATAGAGAG	1735672	55	98	T	0:0|1735672:13|59732:22|1735672:27|59732:58|1735672:63
@COOPER:56:HCVLTBBXX:7:1220:5132:25122 2:N:0:CGTACTAG+ATAGAGAG	1735672	22	96	T	1735672:0|59732:6|1735672:8|59732:12|0:14|1735672:45|0:53
@COOPER:56:HCVLTBBXX:7:1214:11688:22098 1:N:0:CGTACTAG+ATAGAGAG	1735672	69	99	T	1735672:0
@COOPER:56:HCVLTBBXX:7:1214:11688:22098 2:N:0:CGTACTAG+ATAGAGAG	1735672	2	97	T	0:0|1735672:6|0:8
@COOPER:56:HCVLTBBXX:7:1205:22171:31681 1:N:0:CGTACTAG+ATAGAGAG	1735672	55	99	T	0:0|1735672:14
@COOPER:56:HCVLTBBXX:7:1205:22171:31681 2:N:0:CGTACTAG+ATAGAGAG	1735672	67	97	T	1735672:0|1:9|1735672:34
@COOPER:56:HCVLTBBXX:7:1226:18538:4532 1:N:0:CGTACTAG+ATAGAGAG	0	0	98	T	0:0
@COOPER:56:HCVLTBBXX:7:1226:18538:4532 2:N:0:CGTACTAG+ATAGAGAG	0	0	97	T	0:0
@COOPER:56:HCVLTBBXX:7:1226:18111:4426 1:N:0:CGTACTAG+ATAGAGAG	0	0	93	T	0:0
@COOPER:56:HCVLTBBXX:7:1226:18111:4426 2:N:0:CGTACTAG+ATAGAGAG	0	0	97	T	0:0
@COOPER:56:HCVLTBBXX:7:1224:2169:36235 1:N:0:CGTACTAG+ATAGAGAG	1735672	46	99	T	1735672:0|59732:5|1735672:7|0:46
@COOPER:56:HCVLTBBXX:7:1224:2169:36235 2:N:0:CGTACTAG+ATAGAGAG	1735672	35	96	T	1735672:0|0:17|1735672:48
@COOPER:56:HCVLTBBXX:7:1221:16051:28815 1:N:0:CGTACTAG+ATAGAGAG	1735672	37	98	T	1735672:0|0:14|1:45|1735672:52
@COOPER:56:HCVLTBBXX:7:1221:16051:28815 2:N:0:CGTACTAG+ATAGAGAG	1735672	36	97	T	1735672:0|0:36
@COOPER:56:HCVLTBBXX:7:1214:9567:44623 1:N:0:CGTACTAG+ATAGAGAG	551	5	98	T	0:0|551:32|0:37
@COOPER:56:HCVLTBBXX:7:1214:9567:44623 2:N:0:CGTACTAG+ATAGAGAG	1619313	42	97	T	0:0|1619313:25|551:28|1619313:30|551:31|543:33|1300165:42|543:49|53335:63
@COOPER:56:HCVLTBBXX:7:2128:16315:1912 1:N:0:CGTACTAG+ATAGAGAG	286	67	97	T	286:0|1395516:12|286:15|1224:34|286:37|1395516:39|286:40|1224:42|1395516:43
@COOPER:56:HCVLTBBXX:7:2128:16315:1912 2:N:0:CGTACTAG+ATAGAGAG	1736376	22	97	T	286:0|1736376:6|286:20|0:22
@COOPER:56:HCVLTBBXX:7:1223:19502:26705 1:N:0:CGTACTAG+ATAGAGAG	0	0	99	T	0:0
@COOPER:56:HCVLTBBXX:7:1223:19502:26705 2:N:0:CGTACTAG+ATAGAGAG	0	0	97	T	0:0
@COOPER:56:HCVLTBBXX:7:2209:13261:14941 1:N:0:CGTACTAG+ATAGAGAG	286	46	97	T	0:0|286:10|0:27|286:34|1236:46|0:48|286:52|1236:58|286:66
@COOPER:56:HCVLTBBXX:7:2209:13261:14941 2:N:0:CGTACTAG+ATAGAGAG	1144884	35	96	T	286:0|1144884:8|286:22|0:25|286:56
@COOPER:56:HCVLTBBXX:7:1219:29609:34090 1:N:0:CGTACTAG+CTAGAGAG	1	13	99	T	0:0|1:12|0:25
@COOPER:56:HCVLTBBXX:7:1219:29609:34090 2:N:0:CGTACTAG+CTAGAGAG	0	0	96	T	0:0
@COOPER:56:HCVLTBBXX:7:1225:6116:21518 1:N:0:CGTACTAG+ATAGAGAG	1735672	23	99	T	1735672:0|0:12|1121287:58
@COOPER:56:HCVLTBBXX:7:1225:6116:21518 2:N:0:CGTACTAG+ATAGAGAG	1735672	67	97	T	59732:0|1735672:9
@COOPER:56:HCVLTBBXX:7:1206:14012:9913 1:N:0:CGTACTAG+ATAGAGAG	53335	43	99	T	0:0|53335:26|543:53|53335:55
@COOPER:56:HCVLTBBXX:7:1206:14012:9913 2:N:0:CGTACTAG+ATAGAGAG	53335	67	97	T	53335:0|543:12|1236:44|543:46|53335:61
@COOPER:56:HCVLTBBXX:7:1201:6289:13025 1:N:0:CGTACTAG+ATAGAGAG	1735672	37	99	T	59732:0|1735672:22|0:37
@COOPER:56:HCVLTBBXX:7:1201:6289:13025 2:N:0:CGTACTAG+ATAGAGAG	0	0	97	T	0:0
@COOPER:56:HCVLTBBXX:7:2117:24353:23751 1:N:0:CGTACTAG+ATAGAGAG	1735672	36	99	T	1735672:0|0:36
@COOPER:56:HCVLTBBXX:7:2117:24353:23751 2:N:0:CGTACTAG+ATAGAGAG	1735672	20	95	T	0:0|1735672:45
@COOPER:56:HCVLTBBXX:7:1124:31943:6519 1:N:0:CGTACTAG+ATAGAGAG	0	0	99	T	0:0
@COOPER:56:HCVLTBBXX:7:1124:31943:6519 2:N:0:CGTACTAG+ATAGAGAG	0	0	96	T	0:0
@COOPER:56:HCVLTBBXX:7:1110:27844:29448 1:N:0:CGTACTAG+ATAGAGAG	0	0	96	T	0:0
@COOPER:56:HCVLTBBXX:7:1110:27844:29448 2:N:0:CGTACTAG+ATAGAGAG	0	0	97	T	0:0
@COOPER:56:HCVLTBBXX:7:2128:4401:46821 1:N:0:CGTACTAG+ATAGAGAG	0	0	99	T	0:0
@COOPER:56:HCVLTBBXX:7:2128:4401:46821 2:N:0:CGTACTAG+ATAGAGAG	0	0	95	T	0:0
@COOPER:56:HCVLTBBXX:7:2213:13281:41774 1:N:0:CGTACTAG+ATAGAGAG	1735672	44	99	T	1735672:0|0:34|1768758:59|1735672:65
@COOPER:56:HCVLTBBXX:7:2213:13281:41774 2:N:0:CGTACTAG+ATAGAGAG	1735672	42	97	T	1735672:0|1768758:14|0:20|1735672:45
@COOPER:56:HCVLTBBXX:7:2116:14509:16366 1:N:0:CGTACTAG+ATAGAGAG	1735672	69	99	T	1735672:0|59732:51|1735672:53
@COOPER:56:HCVLTBBXX:7:2116:14509:16366 2:N:0:CGTACTAG+ATAGAGAG	1735672	36	91	T	0:0|1735672:11|59732:40|0:47
@COOPER:56:HCVLTBBXX:7:2102:24464:10721 1:N:0:CGTACTAG+ATAGAGAG	53335	69	99	T	543:0|53335:3
@COOPER:56:HCVLTBBXX:7:2102:24464:10721 2:N:0:CGTACTAG+ATAGAGAG	53335	58	97	T	53335:0|0:58
@COOPER:56:HCVLTBBXX:7:1221:12449:49089 1:N:0:CGTACTAG+ATAGAGAG	1735672	46	99	T	0:0|1735672:23
@COOPER:56:HCVLTBBXX:7:1221:12449:49089 2:N:0:CGTACTAG+ATAGAGAG	1735672	66	96	T	1735672:0
@COOPER:56:HCVLTBBXX:7:2125:10155:47295 1:N:0:CGTACTAG+ATAGAGAG	1214065	46	99	F	0:0|1214065:20|0:66
@COOPER:56:HCVLTBBXX:7:2125:10155:47295 2:N:0:CGTACTAG+ATAGAGAG	1437825	27	97	F	0:0|1437825:4|543:21|630:24|0:31
@COOPER:56:HCVLTBBXX:7:2109:20912:19935 1:N:0:CGTACTAG+ATAGAGAG	1735672	42	99	T	1735672:0|0:3|1121287:30|59732:37|1735672:42|59732:55|1735672:60|59732:67
@COOPER:56:HCVLTBBXX:7:2109:20912:19935 2:N:0:CGTACTAG+ATAGAGAG	1735672	36	97	T	1735672:0|59732:8|1735672:10|0:36
@COOPER:56:HCVLTBBXX:7:2215:13606:9244 1:N:0:CGTACTAG+ATAGAGAG	0	0	98	T	0:0
@COOPER:56:HCVLTBBXX:7:2215:13606:9244 2:N:0:CGTACTAG+ATAGAGAG	0	0	97	T	0:0
@COOPER:56:HCVLTBBXX:7:1223:13738:38275 1:N:0:CGTACTAG+ATAGAGAG	0	0	99	T	0:0
@COOPER:56:HCVLTBBXX:7:1223:13738:38275 2:N:0:CGTACTAG+ATAGAGAG	371042	16	97	F	0:0|371042:12|0:28
@COOPER:56:HCVLTBBXX:7:1220:23774:7205 1:N:0:CGTACTAG+ATAGAGAG	469	69	99	T	469:0
@COOPER:56:HCVLTBBXX:7:1220:23774:7205 2:N:0:CGTACTAG+ATAGAGAG	469	67	97	T	469:0|1:8|469:33
@COOPER:56:HCVLTBBXX:7:2221:19634:48315 1:N:0:CGTACTAG+ATAGAGAG	1408177	47	97	F	0:0|1408177:20|53335:40|1408177:42|53335:49
@COOPER:56:HCVLTBBXX:7:2221:19634:48315 2:N:0:CGTACTAG+ATAGAGAG	1690502	37	96	T	0:0|53335:2|1690502:27|0:39
@COOPER:56:HCVLTBBXX:7:2205:25844:35831 1:N:0:CGTACTAG+ATAGAGAG	1735672	44	99	T	0:0|1735672:25
@COOPER:56:HCVLTBBXX:7:2205:25844:35831 2:N:0:CGTACTAG+ATAGAGAG	0	0	97	T	0:0
@COOPER:56:HCVLTBBXX:7:2105:22769:30960 1:N:0:CGTACTAG+ATAGAGAG	0	0	99	T	0:0
@COOPER:56:HCVLTBBXX:7:2105:22769:30960 2:N:0:CGTACTAG+ATAGAGAG	0	0	97	T	0:0
@COOPER:56:HCVLTBBXX:7:1126:13007:10809 1:N:0:CGTACTAG+ATAGAGAG	0	0	98	T	0:0
@COOPER:56:HCVLTBBXX:7:1126:13007:10809 2:N:0:CGTACTAG+ATAGAGAG	53335	34	96	T	131567:1|543:8|53335:10|0:17|53335:48
@COOPER:56:HCVLTBBXX:7:1121:1326:42020 1:N:0:CGTACTAG+ATAGAGAG	1735672	5	99	T	1735672:0|0:5
@COOPER:56:HCVLTBBXX:7:1121:1326:42020 2:N:0:CGTACTAG+ATAGAGAG	1735672	35	97	T	1735672:0|0:29|1735672:61
@COOPER:56:HCVLTBBXX:7:1118:23734:43111 1:N:0:CGTACTAG+ATAGAGAG	53335	69	99	T	53335:0
@COOPER:56:HCVLTBBXX:7:1118:23734:43111 2:N:0:CGTACTAG+ATAGAGAG	53335	57	97	T	0:0|53335:10
@COOPER:56:HCVLTBBXX:7:1117:26179:14045 1:N:0:CGTACTAG+ATAGAGAG	1735672	36	99	T	1735672:0|0:36
@COOPER:56:HCVLTBBXX:7:1117:26179:14045 2:N:0:CGTACTAG+ATAGAGAG	1735672	40	97	T	1735672:0|0:40
@COOPER:56:HCVLTBBXX:7:2106:5670:39559 1:N:0:CGTACTAG+ATAGAGAG	9606	68	98	T	9606:0
@COOPER:56:HCVLTBBXX:7:2106:5670:39559 2:N:0:CGTACTAG+ATAGAGAG	9606	67	97	T	9606:0
@COOPER:56:HCVLTBBXX:7:2213:24028:5183 1:N:0:CGTACTAG+ATAGAGAG	1735672	69	99	T	1735672:0
@COOPER:56:HCVLTBBXX:7:2213:24028:5183 2:N:0:CGTACTAG+ATAGAGAG	1735672	13	97	T	0:0|1735672:23|0:28|1:59|1735672:63
@COOPER:56:HCVLTBBXX:7:1223:16944:16225 1:N:0:CGTACTAG+ATAGAGAG	0	0	99	T	0:0
@COOPER:56:HCVLTBBXX:7:1223:16944:16225 2:N:0:CGTACTAG+ATAGAGAG	0	0	97	T	0:0
@COOPER:56:HCVLTBBXX:7:2203:23520:29343 1:N:0:CGTACTAG+ATAGAGAG	1735672	10	98	T	0:0|1735672:1|0:9|1735672:40|0:42
@COOPER:56:HCVLTBBXX:7:2203:23520:29343 2:N:0:CGTACTAG+ATAGAGAG	1735672	66	96	T	1735672:0
@COOPER:56:HCVLTBBXX:7:1223:3934:4268 1:N:0:CGTACTAG+ATAGAGAG	9606	69	99	T	9606:0
@COOPER:56:HCVLTBBXX:7:1223:3934:4268 2:N:0:CGTACTAG+ATAGAGAG	9606	67	97	T	9606:0
@COOPER:56:HCVLTBBXX:7:2224:27225:23171 1:N:0:CGTACTAG+ATAGAGAG	1217715	5	78	T	0:0|1217715:13|0:18
@COOPER:56:HCVLTBBXX:7:2224:27225:23171 2:N:0:CGTACTAG+ATAGAGAG	1217715	5	76	T	0:0|1217715:30|0:35
@COOPER:56:HCVLTBBXX:7:2124:32258:9104 1:N:0:CGTACTAG+NTAGAGAG	0	0	98	T	0:0
@COOPER:56:HCVLTBBXX:7:2124:32258:9104 2:N:0:CGTACTAG+NTAGAGAG	0	0	97	T	0:1
@COOPER:56:HCVLTBBXX:7:2112:13271:28323 1:N:0:CGTACTAG+ATAGAGAG	1735672	38	99	T	59732:0|1735672:23|0:31|1735672:62
@COOPER:56:HCVLTBBXX:7:2112:13271:28323 2:N:0:CGTACTAG+ATAGAGAG	1735672	67	97	T	1735672:0|1:8|49546:34|59732:36|1735672:64
@COOPER:56:HCVLTBBXX:7:2101:21907:29325 1:N:0:CGTACTAG+ATAGAGAG	59732	68	99	T	59732:0|0:8|59732:9|49546:31|976:41|2:46
@COOPER:56:HCVLTBBXX:7:2101:21907:29325 2:N:0:CGTACTAG+ATAGAGAG	0	0	97	T	0:0
@COOPER:56:HCVLTBBXX:7:1204:22597:38433 1:N:0:CGTACTAG+ATAGAGAG	0	0	77	T	0:0
@COOPER:56:HCVLTBBXX:7:1204:22597:38433 2:N:0:CGTACTAG+ATAGAGAG	0	0	75	T	0:0
@COOPER:56:HCVLTBBXX:7:2218:4594:46381 1:N:0:CGTACTAG+ATAGAGAG	0	0	96	T	0:0
@COOPER:56:HCVLTBBXX:7:2218:4594:46381 2:N:0:CGTACTAG+ATAGAGAG	1217715	2	97	T	0:0|1217715:1|0:3
@COOPER:56:HCVLTBBXX:7:2119:14712:17526 1:N:0:CGTACTAG+ATAGAGAG	1735672	69	99	T	1735672:0
@COOPER:56:HCVLTBBXX:7:2119:14712:17526 2:N:0:CGTACTAG+ATAGAGAG	1735672	67	97	T	1735672:0
@COOPER:56:HCVLTBBXX:7:1204:15889:18792 1:N:0:CGTACTAG+ATAGAGAG	816	69	99	T	200643:0|816:27|200643:52
@COOPER:56:HCVLTBBXX:7:1204:15889:18792 2:N:0:CGTACTAG+ATAGAGAG	816	67	97	T	200643:0|816:40|200643:65
@COOPER:56:HCVLTBBXX:7:2119:13311:34512 1:N:0:CGTACTAG+ATAGAGAG	1735672	36	99	T	0:0|1735672:33
@COOPER:56:HCVLTBBXX:7:2119:13311:34512 2:N:0:CGTACTAG+ATAGAGAG	1735672	8	97	T	0:0|1735672:18|0:26
@COOPER:56:HCVLTBBXX:7:2111:30665:3354 1:N:0:CGTACTAG+ATAGAGAG	1735672	68	98	T	1735672:0
@COOPER:56:HCVLTBBXX:7:2111:30665:3354 2:N:0:CGTACTAG+ATAGAGAG	1735672	26	95	T	0:0|1121287:1|0:8|1735672:15|0:32|59732:63
@COOPER:56:HCVLTBBXX:7:1221:9059:1965 1:N:0:CGTACTAG+ATAGAGAG	1735672	66	96	T	1735672:0|59732:64
@COOPER:56:HCVLTBBXX:7:1221:9059:1965 2:N:0:CGTACTAG+ATAGAGAG	1735672	67	97	T	1735672:0|59732:17|1735672:25|59732:62
@COOPER:56:HCVLTBBXX:7:1215:21511:39541 1:N:0:CGTACTAG+ATAGAGAG	59732	69	99	T	49546:0|59732:12
@COOPER:56:HCVLTBBXX:7:1215:21511:39541 2:N:0:CGTACTAG+ATAGAGAG	1735672	67	97	T	1735672:0|59732:51
@COOPER:56:HCVLTBBXX:7:1212:10023:42460 1:N:0:CGTACTAG+ATAGAGAG	0	0	97	T	0:0
@COOPER:56:HCVLTBBXX:7:1212:10023:42460 2:N:0:CGTACTAG+ATAGAGAG	0	0	97	T	0:0
@COOPER:56:HCVLTBBXX:7:2213:15473:11179 1:N:0:CGTACTAG+ATAGAGAG	697871	5	99	F	0:0|53335:25|697871:27|0:30
@COOPER:56:HCVLTBBXX:7:2213:15473:11179 2:N:0:CGTACTAG+ATAGAGAG	697871	67	97	F	53335:0|697871:59|53335:63
@COOPER:56:HCVLTBBXX:7:2128:10105:46082 1:N:0:CGTACTAG+ATAGAGAG	1735672	38	99	T	1735672:0|0:24|1735672:55
@COOPER:56:HCVLTBBXX:7:2128:10105:46082 2:N:0:CGTACTAG+ATAGAGAG	1735672	39	95	T	0:0|1735672:26|59732:45|1735672:49
@COOPER:56:HCVLTBBXX:7:2202:19197:12743 1:N:0:CGTATTAG+ATAGAGAG	1279	69	99	T	1279:0
@COOPER:56:HCVLTBBXX:7:2202:19197:12743 2:N:0:CGTATTAG+ATAGAGAG	1279	66	96	T	1279:0
@COOPER:56:HCVLTBBXX:7:2108:21146:21324 1:N:0:CGTACTAG+ATAGAGAG	1735672	26	87	T	1735672:0|0:6|1735672:37
@COOPER:56:HCVLTBBXX:7:2108:21146:21324 2:N:0:CGTACTAG+ATAGAGAG	1735672	24	85	T	1735672:0|0:20|1735672:51
@COOPER:56:HCVLTBBXX:7:1208:8389:23100 1:N:0:CGTACTAG+ATAGAGAG	9606	68	98	T	9606:0
@COOPER:56:HCVLTBBXX:7:1208:8389:23100 2:N:0:CGTACTAG+ATAGAGAG	0	0	96	T	0:0
@COOPER:56:HCVLTBBXX:7:2123:8633:38855 1:N:0:CGTACTAG+ATAGAGAG	1735672	44	99	T	0:0|1735672:9|0:28|1735672:44
@COOPER:56:HCVLTBBXX:7:2123:8633:38855 2:N:0:CGTACTAG+ATAGAGAG	1735672	39	97	T	0:0|1735672:28
@COOPER:56:HCVLTBBXX:7:1226:23460:48579 1:N:0:CGTACTAG+ATAGAGAG	1735672	8	99	T	0:0|1735672:25|0:33
@COOPER:56:HCVLTBBXX:7:1226:23460:48579 2:N:0:CGTACTAG+ATAGAGAG	1735672	20	97	T	0:0|1735672:10|0:30
@COOPER:56:HCVLTBBXX:7:1224:20801:21254 1:N:0:CGTACTAG+CTAGAGAG	0	0	99	T	0:0
@COOPER:56:HCVLTBBXX:7:1224:20801:21254 2:N:0:CGTACTAG+CTAGAGAG	0	0	89	T	0:0
@COOPER:56:HCVLTBBXX:7:2202:30573:29677 1:N:0:CGTACTAG+ATAGAGAG	1735672	40	96	T	1:0|1735672:22|0:40
@COOPER:56:HCVLTBBXX:7:2202:30573:29677 2:N:0:CGTACTAG+ATAGAGAG	1735672	9	87	T	0:0|59732:15|0:20|1735672:51|0:54
@COOPER:56:HCVLTBBXX:7:2104:25905:35339 1:N:0:CGTACTAG+ATAGGGAG	9606	69	99	T	9606:0
@COOPER:56:HCVLTBBXX:7:2104:25905:35339 2:N:0:CGTACTAG+ATAGGGAG	9606	67	97	T	9606:0|1:23|9606:49
@COOPER:56:HCVLTBBXX:7:2219:4168:9315 1:N:0:CGTACTAG+ATAGAGAG	53335	4	98	T	0:0|53335:64
@COOPER:56:HCVLTBBXX:7:2219:4168:9315 2:N:0:CGTACTAG+ATAGAGAG	0	0	95	T	0:0
@COOPER:56:HCVLTBBXX:7:2222:23754:29536 1:N:0:CGTACTAG+ATAGAGAG	0	0	99	T	0:0
@COOPER:56:HCVLTBBXX:7:2222:23754:29536 2:N:0:CGTACTAG+ATAGAGAG	0	0	96	T	0:0
@COOPER:56:HCVLTBBXX:7:2105:7760:27180 1:N:0:CGTACTAG+ATAGAGAG	0	0	99	T	0:0
@COOPER:56:HCVLTBBXX:7:2105:7760:27180 2:N:0:CGTACTAG+ATAGAGAG	0	0	97	T	0:0
@COOPER:56:HCVLTBBXX:7:1227:10206:35919 1:N:0:CGTACTAG+ATAGAGAG	1735672	68	98	T	1:0|1735672:21
@COOPER:56:HCVLTBBXX:7:1227:10206:35919 2:N:0:CGTACTAG+ATAGAGAG	1735672	66	96	T	1735672:0|1:5|1735672:30
@COOPER:56:HCVLTBBXX:7:2116:3640:1086 1:N:0:NGTACTAG+NTAGAGAG	53335	69	99	T	53335:0|543:38|53335:56
@COOPER:56:HCVLTBBXX:7:2116:3640:1086 2:N:0:NGTACTAG+NTAGAGAG	53335	66	97	T	53335:1|543:60
@COOPER:56:HCVLTBBXX:7:1223:27600:20445 1:N:0:CGTACTAG+ATAGAGAG	469	69	99	T	469:0
@COOPER:56:HCVLTBBXX:7:1223:27600:20445 2:N:0:CGTACTAG+ATAGAGAG	903900	66	96	T	469:0|903900:39
@COOPER:56:HCVLTBBXX:7:1202:10866:2633 1:N:0:CGTACTAG+ATAGAGAG	1735672	47	99	T	0:0|1735672:9|0:56
@COOPER:56:HCVLTBBXX:7:1202:10866:2633 2:N:0:CGTACTAG+ATAGAGAG	1121287	36	97	F	0:0|59732:31|1121287:34|59732:65
@COOPER:56:HCVLTBBXX:7:2220:28858:25087 1:N:0:CGTACTAG+ATAGAGAG	1735672	50	99	T	1:0|1735672:14|0:50
@COOPER:56:HCVLTBBXX:7:2220:28858:25087 2:N:0:CGTACTAG+ATAGAGAG	1735672	52	97	T	0:0|1:15|1735672:41
@COOPER:56:HCVLTBBXX:7:1228:9770:20779 1:N:0:CGTACTAG+ATAGAGAG	1735672	68	98	T	1735672:0
@COOPER:56:HCVLTBBXX:7:1228:9770:20779 2:N:0:CGTACTAG+ATAGAGAG	1735672	67	97	T	1735672:0
@COOPER:56:HCVLTBBXX:7:1208:21653:47348 1:N:0:CGTACTAG+ATAGAGAG	0	0	99	T	0:0
@COOPER:56:HCVLTBBXX:7:1208:21653:47348 2:N:0:CGTACTAG+ATAGAGAG	0	0	97	T	0:0
@COOPER:56:HCVLTBBXX:7:1123:31964:34231 1:N:0:CGTACTAG+ATAGAGAG	915437	9	99	T	0:0|915437:26|0:35
@COOPER:56:HCVLTBBXX:7:1123:31964:34231 2:N:0:CGTACTAG+ATAGAGAG	0	0	97	T	0:0
@COOPER:56:HCVLTBBXX:7:1119:17320:36358 1:N:0:CGTACTAG+ATAGAGAG	0	0	98	T	0:0
@COOPER:56:HCVLTBBXX:7:1119:17320:36358 2:N:0:CGTACTAG+ATAGAGAG	0	0	96	T	0:0
@COOPER:56:HCVLTBBXX:7:2220:25479:37906 1:N:0:CGTACTAG+ATAGAGAG	1735672	24	99	T	1735672:0|0:4|1735672:35|0:55
@COOPER:56:HCVLTBBXX:7:2220:25479:37906 2:N:0:CGTACTAG+ATAGAGAG	1735672	36	96	T	1735672:0|0:36
@COOPER:56:HCVLTBBXX:7:2125:30949:44042 1:N:0:CGTACTAG+ATAGAGAG	0	0	99	T	0:0
@COOPER:56:HCVLTBBXX:7:2125:30949:44042 2:N:0:CGTACTAG+ATAGAGAG	0	0	96	T	0:0
@COOPER:56:HCVLTBBXX:7:2122:21673:14291 1:N:0:CGTACTAG+ATAGAGAG	1735672	69	99	T	1735672:0|59732:2|1735672:7
@COOPER:56:HCVLTBBXX:7:2122:21673:14291 2:N:0:CGTACTAG+ATAGAGAG	1735672	67	97	T	1735672:0
